{
    "type": "FeatureCollection",
    "features": [
        {
            "type": "Feature",
            "geometry": {
                "type": "Point",
                "coordinates": [
                    4.8320114,
                    45.7578137
                ]
            },
            "properties": {
                "name": "Lyon, Métropole de Lyon, Rhône, Auvergne-Rhône-Alpes, France métropolitaine, France",
                "type": "city",
                "titles": [
                    "beaumont-fletcher-philaster",
                    "alexander-caesar",
                    "heywood-the-iron-age-1",
                    "rowley-a-shoemaker-a-gentleman",
                    "stephens-cynthia-s-revenge",
                    "kirke-the-seven-champions-of-christendom",
                    "anon-the-reign-of-king-edward-the-third",
                    "cary-mariam-the-fair-queen-of-jewry",
                    "fletcher-the-woman-s-prize",
                    "knevet-rhodon-and-iris",
                    "fletcher-rule-a-wife-and-have-a-wife",
                    "chapman-may-day",
                    "drue-the-duchess-of-suffolk",
                    "munday-chettle-the-death-of-robert-earl-of-huntingdon",
                    "dekker-webster-westward-ho",
                    "dekker-match-me-in-london",
                    "fletcher-beaumont-the-noble-gentleman"
                ],
                "original_label": "Lyon",
                "count": 17
            }
        },
        {
            "type": "Feature",
            "geometry": {
                "type": "Point",
                "coordinates": [
                    28.040168153521243,
                    38.48845005
                ]
            },
            "properties": {
                "name": "Sardis, İzmir-Uşak Yolu, Sart, Salihli, Manisa, Ege Bölgesi, 45450, Türkiye",
                "type": "city",
                "titles": [
                    "alexander-croesus",
                    "peele-the-battle-of-alcazar"
                ],
                "original_label": "Sardis",
                "count": 2
            }
        },
        {
            "type": "Feature",
            "geometry": {
                "type": "Point",
                "coordinates": [
                    29.8952,
                    31.2023
                ]
            },
            "properties": {
                "name": "Alessandria, Egypt",
                "type": "city",
                "titles": [
                    "daniel-hymen-s-triumph",
                    "kyd-soliman-and-perseda",
                    "markham-sampson-herod-and-antipater",
                    "marlowe-the-jew-of-malta",
                    "chapman-the-blind-beggar-of-alexandria",
                    "anon-caesar-and-pompey",
                    "daniel-the-queen-s-arcadia",
                    "greene-friar-bacon-and-friar-bongay",
                    "lower-the-phoenix-in-her-flames",
                    "alexander-the-alexandraean-tragedy",
                    "may-cleopatra-queen-of-egypt"
                ],
                "original_label": "Alexandria",
                "count": 11
            }
        },
        {
            "type": "Feature",
            "geometry": {
                "type": "Point",
                "coordinates": [
                    12.8617005,
                    49.3975285
                ]
            },
            "properties": {
                "name": "Babylon",
                "type": "city",
                "titles": [
                    "alexander-the-alexandraean-tragedy",
                    "anon-caesar-and-pompey",
                    "anon-the-wars-of-cyrus",
                    "day-wilkins-rowley-the-travels-of-the-three-english-brothers",
                    "garter-the-most-virtuous-and-godly-susanna",
                    "greene-friar-bacon-and-friar-bongay",
                    "greene-orlando-furioso",
                    "jonson-the-case-is-altered",
                    "kyd-the-spanish-tragedy",
                    "marston-the-malcontent",
                    "randolph-aristippus-or-the-jovial-philosopher",
                    "woodes-the-conflict-of-conscience"
                ],
                "original_label": "Babylon/Babilon",
                "count": 12
            }
        },
        {
            "type": "Feature",
            "geometry": {
                "type": "Point",
                "coordinates": [
                    -0.0914245,
                    51.521798
                ]
            },
            "properties": {
                "name": "Finsbury, London Borough of Islington, London, Greater London, England, EC1Y 8TE, United Kingdom",
                "type": "city",
                "titles": [
                    "dekker-the-shoemaker-s-holiday",
                    "anon-a-knack-to-know-a-knave",
                    "jonson-bartholomew-fair",
                    "jonson-the-devil-is-an-ass",
                    "shirley-the-witty-fair-one",
                    "glapthorne-the-hollander",
                    "shirley-the-wedding",
                    "nabbes-the-bride"
                ],
                "original_label": "Finsbury",
                "count": 8
            }
        },
        {
            "type": "Feature",
            "geometry": {
                "type": "Point",
                "coordinates": [
                    -2.1017927,
                    54.971478
                ]
            },
            "properties": {
                "name": "Hexham, Northumberland, North East, England, United Kingdom",
                "type": "city",
                "titles": [
                    "anon-a-knack-to-know-a-knave"
                ],
                "original_label": "Hexham",
                "count": 1
            }
        },
        {
            "type": "Feature",
            "geometry": {
                "type": "Point",
                "coordinates": [
                    -0.1265398,
                    51.5004439
                ]
            },
            "properties": {
                "name": "Westminster, Millbank, City of Westminster, Greater London, England, SW1P 3JX, United Kingdom",
                "type": "city",
                "titles": [
                    "wilson-the-three-lords-and-three-ladies-of-london",
                    "anon-a-knack-to-know-a-knave",
                    "jonson-bartholomew-fair",
                    "dekker-webster-northward-ho",
                    "lupton-all-for-money",
                    "marmion-holland-s-leaguer",
                    "shirley-the-gamester",
                    "shirley-the-contention-for-honor-and-riches",
                    "day-law-tricks",
                    "middleton-a-mad-world-my-masters",
                    "munday-drayton-wilson-hathaway-sir-john-oldcastle-1",
                    "ford-perkin-warbeck",
                    "middleton-anything-for-a-quiet-life",
                    "peele-edward-the-first",
                    "dekker-webster-westward-ho",
                    "anon-the-true-tragedy-of-richard-the-third",
                    "killigrew-the-parson-s-wedding",
                    "anon-nobody-and-somebody"
                ],
                "original_label": "Westminster",
                "count": 18
            }
        },
        {
            "type": "Feature",
            "geometry": {
                "type": "Point",
                "coordinates": [
                    -0.1277653,
                    51.5074456
                ]
            },
            "properties": {
                "name": "London, Greater London, England, United Kingdom",
                "type": "city",
                "titles": [
                    "anon-the-pedlar-s-prophecy",
                    "davenport-a-new-trick-to-cheat-the-devil",
                    "middleton-a-mad-world-my-masters",
                    "glapthorne-the-hollander",
                    "drue-the-duchess-of-suffolk",
                    "hawkins-apollo-shroving",
                    "jonson-the-alchemist",
                    "shirley-the-witty-fair-one",
                    "porter-the-two-angry-women-of-abingdon",
                    "dekker-middleton-the-roaring-girl",
                    "brome-the-sparagus-garden",
                    "killigrew-the-parson-s-wedding",
                    "jonson-epicoene-or-the-silent-woman-A04645",
                    "anon-a-knack-to-know-a-knave",
                    "barry-ram-alley",
                    "middleton-rowley-wit-at-several-weapons",
                    "brome-the-weeding-of-the-covent-garden",
                    "heywood-the-four-prentices-of-london",
                    "tomkis-albumazar",
                    "jonson-every-man-in-his-humour",
                    "chapman-jonson-marston-eastward-ho",
                    "middleton-a-chaste-maid-in-cheapside",
                    "heywood-the-wise-woman-of-hogsdon",
                    "dekker-the-shoemaker-s-holiday",
                    "armin-the-two-maids-of-more-clacke",
                    "heywood-the-royal-king-and-the-loyal-subject",
                    "s-the-honest-lawyer",
                    "heywood-the-english-traveller",
                    "fletcher-ford-massinger-webster-the-fair-maid-of-the-inn",
                    "ford-perkin-warbeck",
                    "fletcher-shirley-the-night-walker",
                    "heywood-if-you-know-not-me-you-know-nobody-2",
                    "middleton-michaelmas-term",
                    "beaumont-fletcher-massinger-beggars-bush",
                    "anon-the-london-prodigal",
                    "heywood-how-a-man-may-choose-a-good-wife-from-a-bad",
                    "woodes-the-conflict-of-conscience",
                    "beaumont-the-knight-of-the-burning-pestle",
                    "shirley-hyde-park",
                    "heywood-brome-the-late-lancashire-witches",
                    "munday-drayton-wilson-hathaway-sir-john-oldcastle-1",
                    "anon-a-larum-for-london",
                    "greene-george-a-green-the-pinner-of-wakefield",
                    "massinger-a-new-way-to-pay-old-debts",
                    "rowley-when-you-see-me-you-know-me",
                    "wilkins-the-miseries-of-enforced-marriage",
                    "massinger-the-renegado",
                    "dekker-webster-the-famous-history-of-sir-thomas-wyatt",
                    "heywood-the-fair-maid-of-the-west-1",
                    "middleton-the-mayor-of-quinborough",
                    "anon-the-merry-devil-of-edmonton",
                    "jonson-bartholomew-fair",
                    "dekker-satiromastix",
                    "middleton-anything-for-a-quiet-life",
                    "anon-the-true-tragedy-of-richard-the-third",
                    "shirley-the-ball",
                    "nashe-summer-s-last-will-and-testament",
                    "fletcher-the-wild-goose-chase",
                    "rowley-a-match-at-midnight",
                    "shirley-the-wedding",
                    "nabbes-covent-garden",
                    "shirley-the-constant-maid",
                    "day-wilkins-rowley-the-travels-of-the-three-english-brothers",
                    "middleton-a-yorkshire-tragedy",
                    "peele-edward-the-first",
                    "brome-the-antipodes",
                    "wilson-the-three-ladies-of-london",
                    "cavendish-the-variety",
                    "jonson-volpone",
                    "middleton-your-five-gallants",
                    "rowley-the-birth-of-merlin",
                    "munday-chettle-the-death-of-robert-earl-of-huntingdon",
                    "brome-a-jovial-crew",
                    "yarington-two-lamentable-tragedies",
                    "massinger-the-city-madam",
                    "shirley-the-contention-for-honor-and-riches",
                    "wilson-the-three-lords-and-three-ladies-of-london",
                    "chapman-two-wise-men-and-all-the-rest-fools",
                    "dekker-rowley-ford-the-witch-of-edmonton",
                    "s-thomas-lord-cromwell",
                    "garter-the-most-virtuous-and-godly-susanna",
                    "kirke-the-seven-champions-of-christendom",
                    "marston-jack-drum-s-entertainment",
                    "sampson-the-vow-breaker",
                    "jonson-the-devil-is-an-ass",
                    "haughton-englishmen-for-my-money",
                    "anon-nobody-and-somebody",
                    "belchier-hans-beer-pot",
                    "dekker-webster-northward-ho",
                    "middleton-the-puritan",
                    "rowley-a-new-wonder-a-woman-never-vexed",
                    "shirley-the-lady-of-pleasure",
                    "dekker-webster-westward-ho",
                    "peele-the-battle-of-alcazar"
                ],
                "original_label": "London",
                "count": 94
            }
        },
        {
            "type": "Feature",
            "geometry": {
                "type": "Point",
                "coordinates": [
                    4.3997081,
                    51.2211097
                ]
            },
            "properties": {
                "name": "Antwerpen, Vlaanderen, België / Belgique / Belgien",
                "type": "city",
                "titles": [
                    "anon-a-larum-for-london",
                    "gascoigne-the-glass-of-government",
                    "heywood-if-you-know-not-me-you-know-nobody-2",
                    "shirley-the-ball"
                ],
                "original_label": "Antwerp/Anwerpe",
                "count": 4
            }
        },
        {
            "type": "Feature",
            "geometry": {
                "type": "Point",
                "coordinates": [
                    6.6441878,
                    49.7596208
                ]
            },
            "properties": {
                "name": "Trier, Rheinland-Pfalz, Deutschland",
                "type": "city",
                "titles": [
                    "anon-alphonsus-emperor-of-germany"
                ],
                "original_label": "Trier",
                "count": 1
            }
        },
        {
            "type": "Feature",
            "geometry": {
                "type": "Point",
                "coordinates": [
                    10.3309924,
                    36.8548083
                ]
            },
            "properties": {
                "name": "قرطاج, ولاية تونس, 2016, تونس",
                "type": "city",
                "titles": [
                    "massinger-the-bondman",
                    "marlowe-nashe-dido-queen-of-carthage",
                    "marston-the-wonder-of-women",
                    "anon-caesar-and-pompey",
                    "anon-the-true-chronicle-of-king-leir",
                    "nabbes-hannibal-and-scipio"
                ],
                "original_label": "Carthage",
                "count": 6
            }
        },
        {
            "type": "Feature",
            "geometry": {
                "type": "Point",
                "coordinates": [
                    24.283974445334536,
                    41.0132841
                ]
            },
            "properties": {
                "name": "Φίλιπποι, ΕΟ12, Κρηνίδες, Δήμος Καβάλας, Περιφερειακή Ενότητα Καβάλας, Περιφέρεια Ανατολικής Μακεδονίας και Θράκης, Αποκεντρωμένη Διοίκηση Μακεδονίας - Θράκης, 640 03, Ελλάς",
                "type": "city",
                "titles": [
                    "anon-caesar-and-pompey",
                    "may-cleopatra-queen-of-egypt"
                ],
                "original_label": "Philippi",
                "count": 2
            }
        },
        {
            "type": "Feature",
            "geometry": {
                "type": "Point",
                "coordinates": [
                    22.2835063,
                    39.3627108
                ]
            },
            "properties": {
                "name": "Pharsalus, Ιτέας - Φαρσάλων, Πυργάκια, Δημοτική Ενότητα Ενιππέα, Δήμος Φαρσάλων, Δήμος Παλαμά, Περιφερειακή Ενότητα Λάρισας, Περιφέρεια Θεσσαλίας, Αποκεντρωμένη Διοίκηση Θεσσαλίας - Στερεάς Ελλάδος, 403 00, Ελλάς",
                "type": "city",
                "titles": [
                    "anon-caesar-and-pompey",
                    "dekker-massinger-the-virgin-martyr",
                    "may-cleopatra-queen-of-egypt"
                ],
                "original_label": "Pharsalus/Pharsailaes",
                "count": 3
            }
        },
        {
            "type": "Feature",
            "geometry": {
                "type": "Point",
                "coordinates": [
                    31.26151876961478,
                    29.8544582
                ]
            },
            "properties": {
                "name": "Memphis, Egypt",
                "type": "city",
                "titles": [
                    "chapman-the-blind-beggar-of-alexandria",
                    "anon-caesar-and-pompey",
                    "daniel-cleopatra",
                    "nabbes-the-bride",
                    "may-cleopatra-queen-of-egypt"
                ],
                "original_label": "Memphis",
                "count": 5
            }
        },
        {
            "type": "Feature",
            "geometry": {
                "type": "Point",
                "coordinates": [
                    -0.1163354,
                    51.4952111
                ]
            },
            "properties": {
                "name": "Lambeth, London Borough of Lambeth, London, Greater London, England, SE1 7JW, United Kingdom",
                "type": "city",
                "titles": [
                    "anon-canterbury-his-change-of-diet",
                    "s-thomas-lord-cromwell",
                    "jonson-the-fortunate-isles-and-their-union",
                    "glapthorne-the-hollander",
                    "dekker-webster-westward-ho"
                ],
                "original_label": "Lambeth",
                "count": 5
            }
        },
        {
            "type": "Feature",
            "geometry": {
                "type": "Point",
                "coordinates": [
                    -0.6040418665032687,
                    51.4837886
                ]
            },
            "properties": {
                "name": "Windsor Castle, Thames Street, Clewer New Town, Clewer Village, Windsor, Windsor and Maidenhead, England, SL4 1PS, United Kingdom",
                "type": "city",
                "titles": [
                    "cavendish-the-variety",
                    "rowley-when-you-see-me-you-know-me",
                    "anon-fair-em",
                    "greene-friar-bacon-and-friar-bongay",
                    "munday-chettle-the-death-of-robert-earl-of-huntingdon",
                    "brome-the-sparagus-garden"
                ],
                "original_label": "Windsor",
                "count": 6
            }
        },
        {
            "type": "Feature",
            "geometry": {
                "type": "Point",
                "coordinates": [
                    10.684738,
                    53.866444
                ]
            },
            "properties": {
                "name": "Lübeck, Schleswig-Holstein, Deutschland",
                "type": "city",
                "titles": [
                    "chettle-hoffman",
                    "anon-fair-em"
                ],
                "original_label": "Lubeck",
                "count": 2
            }
        },
        {
            "type": "Feature",
            "geometry": {
                "type": "Point",
                "coordinates": [
                    -2.8908955,
                    53.1908873
                ]
            },
            "properties": {
                "name": "Chester, Cheshire West and Chester, England, CH1 2ET, United Kingdom",
                "type": "city",
                "titles": [
                    "beaumont-the-knight-of-the-burning-pestle",
                    "middleton-the-mayor-of-quinborough",
                    "heywood-the-royal-king-and-the-loyal-subject",
                    "anon-fair-em",
                    "rowley-the-birth-of-merlin",
                    "munday-chettle-the-death-of-robert-earl-of-huntingdon"
                ],
                "original_label": "Chester",
                "count": 6
            }
        },
        {
            "type": "Feature",
            "geometry": {
                "type": "Point",
                "coordinates": [
                    -2.2451148,
                    53.4794892
                ]
            },
            "properties": {
                "name": "Manchester, Greater Manchester, England, United Kingdom",
                "type": "city",
                "titles": [
                    "anon-fair-em"
                ],
                "original_label": "Manchester",
                "count": 1
            }
        },
        {
            "type": "Feature",
            "geometry": {
                "type": "Point",
                "coordinates": [
                    2.3483915,
                    48.8534951
                ]
            },
            "properties": {
                "name": "Paris, Île-de-France, France métropolitaine, France",
                "type": "city",
                "titles": [
                    "chapman-the-revenge-of-bussy-d-ambois",
                    "chapman-the-tragedy-of-charles-duke-of-byron",
                    "fletcher-beaumont-the-captain",
                    "armin-the-two-maids-of-more-clacke",
                    "massinger-the-roman-actor",
                    "marston-the-malcontent",
                    "hughes-the-misfortunes-of-arthur",
                    "anon-the-reign-of-king-edward-the-third",
                    "heywood-the-english-traveller",
                    "anon-the-trial-of-chivalry",
                    "day-the-parliament-of-bees",
                    "fletcher-massinger-a-very-woman",
                    "middleton-anything-for-a-quiet-life",
                    "heywood-the-iron-age-2",
                    "anon-mucedorus-and-amadine",
                    "hawkins-apollo-shroving",
                    "fletcher-beaumont-the-noble-gentleman",
                    "fletcher-massinger-the-elder-brother",
                    "shirley-the-ball",
                    "davenant-the-wits",
                    "chapman-monsieur-d-olive",
                    "fletcher-the-wild-goose-chase",
                    "dekker-blurt-master-constable",
                    "fletcher-massinger-the-little-french-lawyer",
                    "greene-friar-bacon-and-friar-bongay",
                    "massinger-the-bashful-lover",
                    "beaumont-fletcher-the-maid-s-tragedy",
                    "killigrew-the-parson-s-wedding",
                    "heywood-the-iron-age-1",
                    "beaumont-the-knight-of-the-burning-pestle",
                    "pikering-horestes",
                    "chapman-bussy-d-ambois",
                    "chapman-the-widow-s-tears",
                    "brome-the-new-academy",
                    "kyd-the-spanish-tragedy",
                    "marlowe-nashe-dido-queen-of-carthage",
                    "marlowe-the-massacre-at-paris",
                    "fletcher-the-woman-s-prize",
                    "heywood-brome-the-late-lancashire-witches",
                    "shirley-the-school-of-compliment",
                    "brome-the-weeding-of-the-covent-garden",
                    "chapman-an-humorous-day-s-mirth",
                    "glapthorne-the-ladies-privilege",
                    "greene-orlando-furioso",
                    "chapman-all-fools",
                    "marlowe-dr-faustus",
                    "rutter-the-shepherds-holiday",
                    "rowley-when-you-see-me-you-know-me",
                    "wilmot-hatton-noel-al-stafford-tancred-and-gismund",
                    "tomkis-lingua",
                    "webster-the-duchess-of-malfi",
                    "fletcher-massinger-the-prophetess",
                    "davenant-albovine-king-of-the-lombards"
                ],
                "original_label": "Paris",
                "count": 53
            }
        },
        {
            "type": "Feature",
            "geometry": {
                "type": "Point",
                "coordinates": [
                    22.9273768,
                    37.9385413
                ]
            },
            "properties": {
                "name": "Κόρινθος, Δήμος Κορινθίων, Περιφερειακή Ενότητα Κορινθίας, Περιφέρεια Πελοποννήσου, Αποκεντρωμένη Διοίκηση Πελοποννήσου, Δυτικής Ελλάδας και Ιονίου, Ελλάς",
                "type": "city",
                "titles": [
                    "daniel-hymen-s-triumph",
                    "glapthorne-argalus-and-parthenia",
                    "mason-the-turk",
                    "anon-nero",
                    "massinger-the-bondman",
                    "ford-the-lover-s-melancholy",
                    "field-fletcher-massinger-the-queen-of-corinth",
                    "daniel-the-queen-s-arcadia"
                ],
                "original_label": "Corinth",
                "count": 8
            }
        },
        {
            "type": "Feature",
            "geometry": {
                "type": "Point",
                "coordinates": [
                    14.070196621653125,
                    40.81796949626611
                ]
            },
            "properties": {
                "name": "Baia",
                "type": "city",
                "titles": [
                    "anon-nero"
                ],
                "original_label": "Baiae",
                "count": 1
            }
        },
        {
            "type": "Feature",
            "geometry": {
                "type": "Point",
                "coordinates": [
                    12.3345898,
                    45.4371908
                ]
            },
            "properties": {
                "name": "Venezia, Veneto, 30121-30176, Italia",
                "type": "city",
                "titles": [
                    "s-thomas-lord-cromwell",
                    "mason-the-turk",
                    "webster-the-white-devil",
                    "massinger-the-unnatural-combat",
                    "dekker-satiromastix",
                    "middleton-a-mad-world-my-masters",
                    "barnes-the-devil-s-charter",
                    "middleton-rowley-heywood-the-old-law",
                    "shirley-the-gentleman-of-venice",
                    "middleton-anything-for-a-quiet-life",
                    "jonson-the-case-is-altered",
                    "fletcher-massinger-the-elder-brother",
                    "shirley-the-ball",
                    "day-humor-out-of-breath",
                    "heywood-if-you-know-not-me-you-know-nobody-2",
                    "middleton-women-beware-women",
                    "dekker-blurt-master-constable",
                    "fletcher-massinger-the-little-french-lawyer",
                    "zouche-the-sophister",
                    "dekker-middleton-the-roaring-girl",
                    "anon-the-london-prodigal",
                    "marston-parasitaster",
                    "freeman-imperiale",
                    "d-the-knave-in-grain-new-vamped",
                    "randolph-aristippus-or-the-jovial-philosopher",
                    "ford-the-laws-of-candy",
                    "day-wilkins-rowley-the-travels-of-the-three-english-brothers",
                    "barry-ram-alley",
                    "marlowe-the-jew-of-malta",
                    "ford-the-fancies-chaste-and-noble",
                    "brome-the-weeding-of-the-covent-garden",
                    "heywood-the-four-prentices-of-london",
                    "machin-barkstead-marston-the-insatiate-countess",
                    "brome-the-antipodes",
                    "webster-the-devil-s-law-case",
                    "marlowe-dr-faustus",
                    "marston-what-you-will",
                    "jonson-volpone",
                    "cumber-the-two-merry-milkmaids",
                    "chapman-may-day",
                    "massinger-the-renegado",
                    "shirley-the-impostor"
                ],
                "original_label": "Venice",
                "count": 42
            }
        },
        {
            "type": "Feature",
            "geometry": {
                "type": "Point",
                "coordinates": [
                    -0.101957,
                    51.3713049
                ]
            },
            "properties": {
                "name": "Croydon, Greater London, England, CR0 1SZ, United Kingdom",
                "type": "city",
                "titles": [
                    "shirley-the-witty-fair-one",
                    "anon-the-london-prodigal",
                    "s-locrine",
                    "killigrew-the-parson-s-wedding"
                ],
                "original_label": "Croydon",
                "count": 4
            }
        },
        {
            "type": "Feature",
            "geometry": {
                "type": "Point",
                "coordinates": [
                    22.492686616013426,
                    38.479966867747315
                ]
            },
            "properties": {
                "name": "Delphos, Paseo Carlos Eraña, Los Ángeles, Ciudad Real, Castilla-La Mancha, 13004, España",
                "type": "city",
                "titles": [
                    "heywood-the-iron-age-1",
                    "anon-the-maid-s-metamorphosis",
                    "heywood-the-golden-age",
                    "heywood-love-s-mistress",
                    "fletcher-sicelides",
                    "webster-rowley-the-thracian-wonder",
                    "gascoigne-the-glass-of-government"
                ],
                "original_label": "Delphos",
                "count": 7
            }
        },
        {
            "type": "Feature",
            "geometry": {
                "type": "Point",
                "coordinates": [
                    -2.5476682,
                    53.2438398
                ]
            },
            "properties": {
                "name": "Hartford, Cheshire West and Chester, England, United Kingdom",
                "type": "city",
                "titles": [
                    "anon-the-merry-devil-of-edmonton",
                    "munday-drayton-wilson-hathaway-sir-john-oldcastle-1",
                    "munday-chettle-the-death-of-robert-earl-of-huntingdon"
                ],
                "original_label": "Hartford",
                "count": 3
            }
        },
        {
            "type": "Feature",
            "geometry": {
                "type": "Point",
                "coordinates": [
                    0.1186637,
                    52.2055314
                ]
            },
            "properties": {
                "name": "Cambridge, Cambridgeshire, Cambridgeshire and Peterborough, England, United Kingdom",
                "type": "city",
                "titles": [
                    "dekker-webster-the-famous-history-of-sir-thomas-wyatt",
                    "middleton-anything-for-a-quiet-life",
                    "chapman-two-wise-men-and-all-the-rest-fools",
                    "anon-the-merry-devil-of-edmonton",
                    "randolph-aristippus-or-the-jovial-philosopher",
                    "wilson-the-three-ladies-of-london",
                    "shirley-the-witty-fair-one",
                    "tomkis-albumazar",
                    "middleton-rowley-wit-at-several-weapons",
                    "chapman-jonson-marston-eastward-ho",
                    "drue-the-duchess-of-suffolk",
                    "greene-friar-bacon-and-friar-bongay",
                    "middleton-a-chaste-maid-in-cheapside",
                    "middleton-michaelmas-term",
                    "munday-drayton-wilson-hathaway-sir-john-oldcastle-1"
                ],
                "original_label": "Cambridge",
                "count": 15
            }
        },
        {
            "type": "Feature",
            "geometry": {
                "type": "Point",
                "coordinates": [
                    1.0165175,
                    51.1981586
                ]
            },
            "properties": {
                "name": "Waltham, Canterbury, Kent, England, United Kingdom",
                "type": "city",
                "titles": [
                    "beaumont-the-knight-of-the-burning-pestle",
                    "anon-the-merry-devil-of-edmonton"
                ],
                "original_label": "Waltham",
                "count": 2
            }
        },
        {
            "type": "Feature",
            "geometry": {
                "type": "Point",
                "coordinates": [
                    -1.70634,
                    52.1927803
                ]
            },
            "properties": {
                "name": "Stratford-upon-Avon, Stratford-on-Avon, Warwickshire, England, United Kingdom",
                "type": "city",
                "titles": [
                    "jonson-the-new-inn",
                    "anon-the-merry-devil-of-edmonton",
                    "anon-the-true-tragedy-of-richard-the-third"
                ],
                "original_label": "Stratford",
                "count": 3
            }
        },
        {
            "type": "Feature",
            "geometry": {
                "type": "Point",
                "coordinates": [
                    -0.0769118,
                    51.6267968
                ]
            },
            "properties": {
                "name": "Edmonton, London Borough of Enfield, London, Greater London, England, N9 9HH, United Kingdom",
                "type": "city",
                "titles": [
                    "dekker-rowley-ford-the-witch-of-edmonton",
                    "anon-the-merry-devil-of-edmonton"
                ],
                "original_label": "Edmonton",
                "count": 2
            }
        },
        {
            "type": "Feature",
            "geometry": {
                "type": "Point",
                "coordinates": [
                    -0.3076394377337949,
                    51.4405529
                ]
            },
            "properties": {
                "name": "London Borough of Richmond upon Thames, Greater London, England, United Kingdom",
                "type": "city",
                "titles": [
                    "nashe-summer-s-last-will-and-testament",
                    "armin-the-two-maids-of-more-clacke",
                    "middleton-rowley-the-world-tossed-at-tennis",
                    "anon-the-reign-of-king-edward-the-third",
                    "ford-perkin-warbeck",
                    "munday-chettle-the-death-of-robert-earl-of-huntingdon",
                    "anon-the-true-tragedy-of-richard-the-third"
                ],
                "original_label": "Richmond",
                "count": 7
            }
        },
        {
            "type": "Feature",
            "geometry": {
                "type": "Point",
                "coordinates": [
                    -1.6131572,
                    54.9738474
                ]
            },
            "properties": {
                "name": "Newcastle upon Tyne, North East, England, United Kingdom",
                "type": "city",
                "titles": [
                    "shirley-the-ball",
                    "shirley-the-wedding",
                    "anon-the-reign-of-king-edward-the-third"
                ],
                "original_label": "Newcastle",
                "count": 3
            }
        },
        {
            "type": "Feature",
            "geometry": {
                "type": "Point",
                "coordinates": [
                    -1.7954134,
                    51.0690613
                ]
            },
            "properties": {
                "name": "Salisbury, Wiltshire, England, United Kingdom",
                "type": "city",
                "titles": [
                    "brome-the-new-academy",
                    "anon-the-reign-of-king-edward-the-third",
                    "munday-drayton-wilson-hathaway-sir-john-oldcastle-1",
                    "anon-the-true-tragedy-of-richard-the-third",
                    "jonson-epicoene-or-the-silent-woman-A04645"
                ],
                "original_label": "Salisbury",
                "count": 5
            }
        },
        {
            "type": "Feature",
            "geometry": {
                "type": "Point",
                "coordinates": [
                    -1.0743052444639218,
                    53.96565785
                ]
            },
            "properties": {
                "name": "York, York and North Yorkshire, England, United Kingdom",
                "type": "city",
                "titles": [
                    "middleton-the-mayor-of-quinborough",
                    "sampson-the-vow-breaker",
                    "anon-the-reign-of-king-edward-the-third",
                    "rowley-when-you-see-me-you-know-me",
                    "wilkins-the-miseries-of-enforced-marriage",
                    "heywood-a-woman-killed-with-kindness",
                    "heywood-brome-the-late-lancashire-witches",
                    "ford-perkin-warbeck",
                    "anon-the-true-tragedy-of-richard-the-third"
                ],
                "original_label": "York",
                "count": 9
            }
        },
        {
            "type": "Feature",
            "geometry": {
                "type": "Point",
                "coordinates": [
                    11.8734455,
                    45.4077172
                ]
            },
            "properties": {
                "name": "Padova, Veneto, 35121-35143, Italia",
                "type": "city",
                "titles": [
                    "tomkis-albumazar",
                    "day-humor-out-of-breath",
                    "marlowe-dr-faustus",
                    "webster-the-devil-s-law-case",
                    "chapman-the-gentleman-usher",
                    "marlowe-the-jew-of-malta",
                    "shirley-the-humorous-courtier",
                    "anon-the-trial-of-chivalry",
                    "zouche-the-sophister",
                    "barnes-the-devil-s-charter",
                    "chapman-may-day",
                    "greene-friar-bacon-and-friar-bongay",
                    "webster-the-duchess-of-malfi",
                    "yarington-two-lamentable-tragedies",
                    "webster-the-white-devil"
                ],
                "original_label": "Padua",
                "count": 15
            }
        },
        {
            "type": "Feature",
            "geometry": {
                "type": "Point",
                "coordinates": [
                    -0.9028072768185829,
                    52.23433665
                ]
            },
            "properties": {
                "name": "Northampton, West Northamptonshire, England, United Kingdom",
                "type": "city",
                "titles": [
                    "anon-the-true-tragedy-of-richard-the-third",
                    "marmion-holland-s-leaguer"
                ],
                "original_label": "Northampton",
                "count": 2
            }
        },
        {
            "type": "Feature",
            "geometry": {
                "type": "Point",
                "coordinates": [
                    -1.8275286,
                    52.6843696
                ]
            },
            "properties": {
                "name": "Lichfield, Staffordshire, England, United Kingdom",
                "type": "city",
                "titles": [
                    "anon-the-true-tragedy-of-richard-the-third"
                ],
                "original_label": "Lichfield",
                "count": 1
            }
        },
        {
            "type": "Feature",
            "geometry": {
                "type": "Point",
                "coordinates": [
                    -1.2578499,
                    51.7520131
                ]
            },
            "properties": {
                "name": "Oxford, Oxfordshire, England, United Kingdom",
                "type": "city",
                "titles": [
                    "anon-the-true-tragedy-of-richard-the-third",
                    "dekker-webster-northward-ho",
                    "drue-the-duchess-of-suffolk",
                    "ford-perkin-warbeck",
                    "greene-friar-bacon-and-friar-bongay",
                    "heywood-the-wise-woman-of-hogsdon",
                    "jonson-bartholomew-fair",
                    "peele-edward-the-first",
                    "porter-the-two-angry-women-of-abingdon",
                    "shirley-the-witty-fair-one",
                    "wilkins-the-miseries-of-enforced-marriage",
                    "wilson-the-three-ladies-of-london"
                ],
                "original_label": "Oxford/Oxenford",
                "count": 12
            }
        },
        {
            "type": "Feature",
            "geometry": {
                "type": "Point",
                "coordinates": [
                    -2.7990345,
                    54.0484068
                ]
            },
            "properties": {
                "name": "Lancaster, Lancashire, England, United Kingdom",
                "type": "city",
                "titles": [
                    "heywood-brome-the-late-lancashire-witches",
                    "ford-perkin-warbeck",
                    "peele-edward-the-first",
                    "brathwait-mercurius-britannicus",
                    "anon-the-true-tragedy-of-richard-the-third"
                ],
                "original_label": "Lancaster",
                "count": 5
            }
        },
        {
            "type": "Feature",
            "geometry": {
                "type": "Point",
                "coordinates": [
                    -1.1496461,
                    52.9534193
                ]
            },
            "properties": {
                "name": "City of Nottingham, East Midlands, England, United Kingdom",
                "type": "city",
                "titles": [
                    "cavendish-the-variety",
                    "sampson-the-vow-breaker",
                    "anon-the-true-tragedy-of-richard-the-third",
                    "massinger-a-new-way-to-pay-old-debts"
                ],
                "original_label": "Nottingham",
                "count": 4
            }
        },
        {
            "type": "Feature",
            "geometry": {
                "type": "Point",
                "coordinates": [
                    -1.4967286,
                    53.6829541
                ]
            },
            "properties": {
                "name": "Wakefield, West Yorkshire, England, United Kingdom",
                "type": "city",
                "titles": [
                    "wilkins-the-miseries-of-enforced-marriage",
                    "greene-george-a-green-the-pinner-of-wakefield",
                    "anon-the-true-tragedy-of-richard-the-third",
                    "munday-chettle-the-death-of-robert-earl-of-huntingdon"
                ],
                "original_label": "Wakefield",
                "count": 4
            }
        },
        {
            "type": "Feature",
            "geometry": {
                "type": "Point",
                "coordinates": [
                    -0.30959676233823713,
                    51.48833078583104
                ]
            },
            "properties": {
                "name": "Brentford",
                "type": "city",
                "titles": [
                    "killigrew-the-parson-s-wedding",
                    "armin-the-two-maids-of-more-clacke",
                    "middleton-michaelmas-term",
                    "dekker-middleton-the-roaring-girl",
                    "dekker-webster-westward-ho",
                    "massinger-the-city-madam"
                ],
                "original_label": "Brainford",
                "count": 6
            }
        },
        {
            "type": "Feature",
            "geometry": {
                "type": "Point",
                "coordinates": [
                    0.6014383,
                    51.4347249
                ]
            },
            "properties": {
                "name": "White Hall, Hoo St. Werburgh, Kingsnorth, Medway, England, ME3 9GA, United Kingdom",
                "type": "city",
                "titles": [
                    "armin-the-two-maids-of-more-clacke"
                ],
                "original_label": "White-hall",
                "count": 1
            }
        },
        {
            "type": "Feature",
            "geometry": {
                "type": "Point",
                "coordinates": [
                    -0.2163018,
                    51.4625314
                ]
            },
            "properties": {
                "name": "Putney, London Borough of Wandsworth, London, Greater London, England, SW15 1RG, United Kingdom",
                "type": "city",
                "titles": [
                    "armin-the-two-maids-of-more-clacke",
                    "s-thomas-lord-cromwell"
                ],
                "original_label": "Putney",
                "count": 2
            }
        },
        {
            "type": "Feature",
            "geometry": {
                "type": "Point",
                "coordinates": [
                    16.3725042,
                    48.2083537
                ]
            },
            "properties": {
                "name": "Wien, Österreich",
                "type": "city",
                "titles": [
                    "glapthorne-albertus-wallenstein",
                    "barnes-the-devil-s-charter"
                ],
                "original_label": "Vienna",
                "count": 2
            }
        },
        {
            "type": "Feature",
            "geometry": {
                "type": "Point",
                "coordinates": [
                    8.252572737021062,
                    44.2334238
                ]
            },
            "properties": {
                "name": "Savona, Liguria, Italia",
                "type": "city",
                "titles": [
                    "barnes-the-devil-s-charter"
                ],
                "original_label": "Savona",
                "count": 1
            }
        },
        {
            "type": "Feature",
            "geometry": {
                "type": "Point",
                "coordinates": [
                    9.878882,
                    44.375151
                ]
            },
            "properties": {
                "name": "Pontremoli, Massa-Carrara, Toscana, 54027, Italia",
                "type": "city",
                "titles": [
                    "barnes-the-devil-s-charter"
                ],
                "original_label": "Pontremoli",
                "count": 1
            }
        },
        {
            "type": "Feature",
            "geometry": {
                "type": "Point",
                "coordinates": [
                    14.2097176,
                    41.1079984
                ]
            },
            "properties": {
                "name": "Capua, Caserta, Campania, Italia",
                "type": "city",
                "titles": [
                    "nabbes-hannibal-and-scipio",
                    "barnes-the-devil-s-charter",
                    "may-cleopatra-queen-of-egypt"
                ],
                "original_label": "Capua",
                "count": 3
            }
        },
        {
            "type": "Feature",
            "geometry": {
                "type": "Point",
                "coordinates": [
                    14.2487679,
                    40.8358846
                ]
            },
            "properties": {
                "name": "Napoli, Campania, Italia",
                "type": "city",
                "titles": [
                    "chapman-the-tragedy-of-charles-duke-of-byron",
                    "dekker-haughton-day-lust-s-dominion",
                    "massinger-the-maid-of-honour",
                    "barnes-the-devil-s-charter",
                    "harding-sicily-and-naples",
                    "fletcher-massinger-the-elder-brother",
                    "middleton-women-beware-women",
                    "shirley-the-young-admiral",
                    "massinger-the-guardian",
                    "greene-alphonsus-king-of-aragon",
                    "udall-ralph-roister-doister",
                    "fletcher-a-wife-for-a-month",
                    "ford-love-s-sacrifice",
                    "beaumont-fletcher-the-woman-hater",
                    "freeman-imperiale",
                    "fletcher-massinger-the-double-marriage",
                    "jonson-the-new-inn",
                    "shirley-the-royal-master",
                    "massinger-the-great-duke-of-florence",
                    "dekker-if-it-be-not-good-the-devil-is-in-it",
                    "glapthorne-the-ladies-privilege",
                    "beaumont-fletcher-love-s-pilgrimage",
                    "webster-the-devil-s-law-case",
                    "marlowe-dr-faustus",
                    "heywood-the-golden-age",
                    "jonson-every-man-in-his-humour",
                    "webster-the-duchess-of-malfi",
                    "webster-the-white-devil"
                ],
                "original_label": "Naples",
                "count": 28
            }
        },
        {
            "type": "Feature",
            "geometry": {
                "type": "Point",
                "coordinates": [
                    13.2492009,
                    41.2871196
                ]
            },
            "properties": {
                "name": "Terracina, Latina, Lazio, Italia",
                "type": "city",
                "titles": [
                    "barnes-the-devil-s-charter"
                ],
                "original_label": "Terracina",
                "count": 1
            }
        },
        {
            "type": "Feature",
            "geometry": {
                "type": "Point",
                "coordinates": [
                    13.071146197107401,
                    43.14141384807858
                ]
            },
            "properties": {
                "name": "Camerino",
                "type": "city",
                "titles": [
                    "barnes-the-devil-s-charter"
                ],
                "original_label": "Camerine",
                "count": 1
            }
        },
        {
            "type": "Feature",
            "geometry": {
                "type": "Point",
                "coordinates": [
                    -0.11113006775811904,
                    51.51380561832724
                ]
            },
            "properties": {
                "name": "Fleet Street, Blackfriars, City of London, Greater London, England, EC4A 2AH, United Kingdom",
                "type": "city",
                "titles": [
                    "barry-ram-alley",
                    "rowley-a-match-at-midnight",
                    "jonson-volpone"
                ],
                "original_label": "Fleet Street",
                "count": 3
            }
        },
        {
            "type": "Feature",
            "geometry": {
                "type": "Point",
                "coordinates": [
                    2.1774322,
                    41.3828939
                ]
            },
            "properties": {
                "name": "Barcelona, Barcelonès, Barcelona, Catalunya, España",
                "type": "city",
                "titles": [
                    "beaumont-fletcher-love-s-pilgrimage"
                ],
                "original_label": "Barcelona",
                "count": 1
            }
        },
        {
            "type": "Feature",
            "geometry": {
                "type": "Point",
                "coordinates": [
                    -3.7035825,
                    40.4167047
                ]
            },
            "properties": {
                "name": "Madrid, Comunidad de Madrid, España",
                "type": "city",
                "titles": [
                    "jonson-the-alchemist",
                    "davenport-a-new-trick-to-cheat-the-devil",
                    "jonson-the-new-inn",
                    "beaumont-fletcher-love-s-pilgrimage"
                ],
                "original_label": "Madrid",
                "count": 4
            }
        },
        {
            "type": "Feature",
            "geometry": {
                "type": "Point",
                "coordinates": [
                    3.226772,
                    51.2085526
                ]
            },
            "properties": {
                "name": "Brugge, West-Vlaanderen, Vlaanderen, België / Belgique / Belgien",
                "type": "city",
                "titles": [
                    "beaumont-fletcher-massinger-beggars-bush"
                ],
                "original_label": "Bruges",
                "count": 1
            }
        },
        {
            "type": "Feature",
            "geometry": {
                "type": "Point",
                "coordinates": [
                    2.7772211,
                    50.291048
                ]
            },
            "properties": {
                "name": "Arras, Pas-de-Calais, Hauts-de-France, France métropolitaine, 62000, France",
                "type": "city",
                "titles": [
                    "fletcher-a-wife-for-a-month",
                    "shirley-the-constant-maid",
                    "beaumont-fletcher-massinger-thierry-and-theodoret",
                    "fletcher-beaumont-the-noble-gentleman"
                ],
                "original_label": "Arras",
                "count": 4
            }
        },
        {
            "type": "Feature",
            "geometry": {
                "type": "Point",
                "coordinates": [
                    27.860202452255194,
                    43.2052135
                ]
            },
            "properties": {
                "name": "Варна, България",
                "type": "city",
                "titles": [
                    "belchier-hans-beer-pot"
                ],
                "original_label": "Varna",
                "count": 1
            }
        },
        {
            "type": "Feature",
            "geometry": {
                "type": "Point",
                "coordinates": [
                    16.1325,
                    41.306389
                ]
            },
            "properties": {
                "name": "Cannae",
                "type": "city",
                "titles": [
                    "nashe-summer-s-last-will-and-testament",
                    "brathwait-mercurius-britannicus"
                ],
                "original_label": "Cannae",
                "count": 2
            }
        },
        {
            "type": "Feature",
            "geometry": {
                "type": "Point",
                "coordinates": [
                    -2.5221184,
                    53.0671376
                ]
            },
            "properties": {
                "name": "Nantwich, Cheshire East, England, United Kingdom",
                "type": "city",
                "titles": [
                    "brome-a-jovial-crew"
                ],
                "original_label": "Nantwich",
                "count": 1
            }
        },
        {
            "type": "Feature",
            "geometry": {
                "type": "Point",
                "coordinates": [
                    -0.1622074056037135,
                    51.5074889
                ]
            },
            "properties": {
                "name": "Hyde Park",
                "type": "city",
                "titles": [
                    "brome-a-jovial-crew"
                ],
                "original_label": "Hide-park",
                "count": 1
            }
        },
        {
            "type": "Feature",
            "geometry": {
                "type": "Point",
                "coordinates": [
                    32.4231586,
                    34.7743988
                ]
            },
            "properties": {
                "name": "Δήμος Πάφου, Επαρχία Πάφου, Κύπρος, Κύπρος - Kıbrıs",
                "type": "city",
                "titles": [
                    "brome-the-antipodes",
                    "greene-orlando-furioso",
                    "nashe-summer-s-last-will-and-testament",
                    "chapman-the-widow-s-tears",
                    "heywood-the-brazen-age",
                    "heywood-love-s-mistress",
                    "rowley-a-match-at-midnight",
                    "daniel-the-vision-of-the-twelve-goddesses",
                    "may-cleopatra-queen-of-egypt"
                ],
                "original_label": "Paphos",
                "count": 9
            }
        },
        {
            "type": "Feature",
            "geometry": {
                "type": "Point",
                "coordinates": [
                    -0.09139251737586107,
                    51.51368604304849
                ]
            },
            "properties": {
                "name": "Cheapside, Cheap, City of London, Greater London, England, EC2V 6EE, United Kingdom",
                "type": "city",
                "titles": [
                    "cavendish-the-variety",
                    "jonson-the-devil-is-an-ass",
                    "heywood-rowley-fortune-by-land-and-sea",
                    "chapman-jonson-marston-eastward-ho",
                    "peele-edward-the-first",
                    "heywood-the-wise-woman-of-hogsdon",
                    "brome-the-city-wit"
                ],
                "original_label": "Cheapside",
                "count": 7
            }
        },
        {
            "type": "Feature",
            "geometry": {
                "type": "Point",
                "coordinates": [
                    -0.7197368,
                    51.522743
                ]
            },
            "properties": {
                "name": "Maidenhead, Windsor and Maidenhead, England, SL6 1QB, United Kingdom",
                "type": "city",
                "titles": [
                    "brome-the-damoiselle-or-the-new-ordinary",
                    "fletcher-massinger-the-elder-brother",
                    "rowley-a-match-at-midnight",
                    "middleton-the-widow",
                    "cumber-the-two-merry-milkmaids",
                    "brome-the-weeding-of-the-covent-garden",
                    "fletcher-a-wife-for-a-month",
                    "day-the-isle-of-gulls",
                    "brome-the-court-beggar",
                    "middleton-rowley-the-changeling"
                ],
                "original_label": "Maidenhead",
                "count": 10
            }
        },
        {
            "type": "Feature",
            "geometry": {
                "type": "Point",
                "coordinates": [
                    31.562165102291935,
                    30.0332516
                ]
            },
            "properties": {
                "name": "القاهرة, مصر",
                "type": "city",
                "titles": [
                    "brome-the-cunning-lovers"
                ],
                "original_label": "Caire",
                "count": 1
            }
        },
        {
            "type": "Feature",
            "geometry": {
                "type": "Point",
                "coordinates": [
                    10.985737689444763,
                    45.442497700000004
                ]
            },
            "properties": {
                "name": "Verona, Veneto, Italia",
                "type": "city",
                "titles": [
                    "zouche-the-sophister",
                    "jonson-the-case-is-altered",
                    "brome-the-cunning-lovers"
                ],
                "original_label": "Verona",
                "count": 3
            }
        },
        {
            "type": "Feature",
            "geometry": {
                "type": "Point",
                "coordinates": [
                    10.670836515673878,
                    45.1692628
                ]
            },
            "properties": {
                "name": "Mantova, Lombardia, Italia",
                "type": "city",
                "titles": [
                    "fletcher-field-four-plays",
                    "brome-the-cunning-lovers",
                    "middleton-more-dissemblers-besides-women",
                    "day-humor-out-of-breath",
                    "s-thomas-lord-cromwell",
                    "shirley-the-humorous-courtier",
                    "massinger-the-bashful-lover",
                    "davenant-the-cruel-brother",
                    "shirley-the-impostor",
                    "heywood-the-fair-maid-of-the-west-2"
                ],
                "original_label": "Mantua",
                "count": 10
            }
        },
        {
            "type": "Feature",
            "geometry": {
                "type": "Point",
                "coordinates": [
                    -7.6989323,
                    55.0879227
                ]
            },
            "properties": {
                "name": "Milford, County Donegal, Ulster, Éire / Ireland",
                "type": "city",
                "titles": [
                    "rawlins-the-rebellion",
                    "peele-edward-the-first",
                    "brome-the-damoiselle-or-the-new-ordinary",
                    "ford-perkin-warbeck"
                ],
                "original_label": "Milford",
                "count": 4
            }
        },
        {
            "type": "Feature",
            "geometry": {
                "type": "Point",
                "coordinates": [
                    -0.1137266,
                    51.5195982
                ]
            },
            "properties": {
                "name": "Holborn, London Borough of Camden, London, Greater London, England, WC1R 5AH, United Kingdom",
                "type": "city",
                "titles": [
                    "dekker-middleton-the-roaring-girl",
                    "brome-the-damoiselle-or-the-new-ordinary",
                    "middleton-the-family-of-love"
                ],
                "original_label": "Holborn",
                "count": 3
            }
        },
        {
            "type": "Feature",
            "geometry": {
                "type": "Point",
                "coordinates": [
                    1.3134228,
                    51.1251275
                ]
            },
            "properties": {
                "name": "Dover, Kent, England, United Kingdom",
                "type": "city",
                "titles": [
                    "shirley-the-ball",
                    "marston-histriomastix",
                    "rowley-a-new-wonder-a-woman-never-vexed",
                    "rowley-a-shoemaker-a-gentleman",
                    "brome-the-english-moor"
                ],
                "original_label": "Dover",
                "count": 5
            }
        },
        {
            "type": "Feature",
            "geometry": {
                "type": "Point",
                "coordinates": [
                    -0.09356213349095939,
                    51.513198444877645
                ]
            },
            "properties": {
                "name": "Bow Lane, Vintry, City of London, Greater London, England, EC4M 9EB, United Kingdom",
                "type": "city",
                "titles": [
                    "brome-the-english-moor"
                ],
                "original_label": "Bow-lane",
                "count": 1
            }
        },
        {
            "type": "Feature",
            "geometry": {
                "type": "Point",
                "coordinates": [
                    4.8924534,
                    52.3730796
                ]
            },
            "properties": {
                "name": "Amsterdam, Noord-Holland, Nederland",
                "type": "city",
                "titles": [
                    "chapman-two-wise-men-and-all-the-rest-fools",
                    "sampson-the-vow-breaker",
                    "middleton-rowley-the-world-tossed-at-tennis",
                    "haughton-englishmen-for-my-money",
                    "massinger-the-renegado",
                    "brome-the-weeding-of-the-covent-garden",
                    "middleton-anything-for-a-quiet-life",
                    "brome-the-english-moor"
                ],
                "original_label": "Amsterdam",
                "count": 8
            }
        },
        {
            "type": "Feature",
            "geometry": {
                "type": "Point",
                "coordinates": [
                    1.2923954,
                    52.6285576
                ]
            },
            "properties": {
                "name": "Norwich, Norfolk, England, United Kingdom",
                "type": "city",
                "titles": [
                    "dekker-webster-westward-ho",
                    "garter-the-most-virtuous-and-godly-susanna",
                    "brome-the-english-moor"
                ],
                "original_label": "Norwich",
                "count": 3
            }
        },
        {
            "type": "Feature",
            "geometry": {
                "type": "Point",
                "coordinates": [
                    -0.0999051,
                    51.5384287
                ]
            },
            "properties": {
                "name": "Islington, London Borough of Islington, London, Greater London, England, N1 2SJ, United Kingdom",
                "type": "city",
                "titles": [
                    "shirley-the-constant-maid",
                    "davenport-a-new-trick-to-cheat-the-devil",
                    "brome-the-new-academy",
                    "field-amends-for-ladies",
                    "heywood-the-royal-king-and-the-loyal-subject",
                    "middleton-rowley-wit-at-several-weapons",
                    "jonson-every-man-in-his-humour",
                    "dekker-middleton-the-roaring-girl",
                    "massinger-the-city-madam"
                ],
                "original_label": "Islington",
                "count": 9
            }
        },
        {
            "type": "Feature",
            "geometry": {
                "type": "Point",
                "coordinates": [
                    -0.0891759768853278,
                    51.53130597585656
                ]
            },
            "properties": {
                "name": "Hoxton",
                "type": "city",
                "titles": [
                    "brome-the-new-academy",
                    "heywood-the-wise-woman-of-hogsdon"
                ],
                "original_label": "Hogsden",
                "count": 2
            }
        },
        {
            "type": "Feature",
            "geometry": {
                "type": "Point",
                "coordinates": [
                    15.3376465,
                    41.5082727
                ]
            },
            "properties": {
                "name": "Lucera, Foggia, Puglia, 71036, Italia",
                "type": "city",
                "titles": [
                    "brome-the-queen-and-concubine"
                ],
                "original_label": "Lucera",
                "count": 1
            }
        },
        {
            "type": "Feature",
            "geometry": {
                "type": "Point",
                "coordinates": [
                    13.3524434,
                    38.1112268
                ]
            },
            "properties": {
                "name": "Palermo, Sicilia, Italia",
                "type": "city",
                "titles": [
                    "brome-the-queen-and-concubine",
                    "massinger-the-maid-of-honour",
                    "middleton-rowley-heywood-the-old-law"
                ],
                "original_label": "Palermo",
                "count": 3
            }
        },
        {
            "type": "Feature",
            "geometry": {
                "type": "Point",
                "coordinates": [
                    -0.1225498306360201,
                    51.5129126
                ]
            },
            "properties": {
                "name": "Royal Opera House, Bow Street, Covent Garden, Holborn, London, Greater London, England, WC2E 9DD, United Kingdom",
                "type": "city",
                "titles": [
                    "brome-the-weeding-of-the-covent-garden"
                ],
                "original_label": "Covent-Garden",
                "count": 1
            }
        },
        {
            "type": "Feature",
            "geometry": {
                "type": "Point",
                "coordinates": [
                    -0.2236401,
                    51.4920377
                ]
            },
            "properties": {
                "name": "Hammersmith, London Borough of Hammersmith and Fulham, London, Greater London, England, W6 9YA, United Kingdom",
                "type": "city",
                "titles": [
                    "brome-the-weeding-of-the-covent-garden"
                ],
                "original_label": "Hammersmith",
                "count": 1
            }
        },
        {
            "type": "Feature",
            "geometry": {
                "type": "Point",
                "coordinates": [
                    -1.8604874,
                    53.7229229
                ]
            },
            "properties": {
                "name": "Halifax, Calderdale, West Yorkshire, England, HX1 1TH, United Kingdom",
                "type": "city",
                "titles": [
                    "brome-the-weeding-of-the-covent-garden"
                ],
                "original_label": "Halifax",
                "count": 1
            }
        },
        {
            "type": "Feature",
            "geometry": {
                "type": "Point",
                "coordinates": [
                    11.2556404,
                    43.7697955
                ]
            },
            "properties": {
                "name": "Firenze, Toscana, Italia",
                "type": "city",
                "titles": [
                    "s-thomas-lord-cromwell",
                    "mason-the-turk",
                    "marston-the-malcontent",
                    "fletcher-ford-massinger-webster-the-fair-maid-of-the-inn",
                    "suckling-brennoralt",
                    "middleton-anything-for-a-quiet-life",
                    "carlell-the-deserving-favorite",
                    "jonson-the-alchemist",
                    "shirley-the-ball",
                    "middleton-women-beware-women",
                    "fletcher-massinger-the-little-french-lawyer",
                    "massinger-the-bashful-lover",
                    "marlowe-the-jew-of-malta",
                    "ford-the-fancies-chaste-and-noble",
                    "shirley-the-royal-master",
                    "massinger-the-great-duke-of-florence",
                    "heywood-the-fair-maid-of-the-west-2",
                    "fletcher-women-pleased",
                    "chapman-all-fools",
                    "dekker-the-wonder-of-a-kingdom",
                    "shirley-the-traitor"
                ],
                "original_label": "Florence",
                "count": 21
            }
        },
        {
            "type": "Feature",
            "geometry": {
                "type": "Point",
                "coordinates": [
                    27.345969619889935,
                    37.93568712348488
                ]
            },
            "properties": {
                "name": "Ephesus",
                "type": "city",
                "titles": [
                    "cartwright-the-royal-slave",
                    "field-fletcher-massinger-the-queen-of-corinth"
                ],
                "original_label": "Ephesus",
                "count": 2
            }
        },
        {
            "type": "Feature",
            "geometry": {
                "type": "Point",
                "coordinates": [
                    35.2257626,
                    31.7788242
                ]
            },
            "properties": {
                "name": "ירושלים | القدس, נפת ירושלים, מחוז ירושלים, ישראל",
                "type": "city",
                "titles": [
                    "peele-edward-the-first",
                    "porter-the-two-angry-women-of-abingdon",
                    "dekker-haughton-day-lust-s-dominion",
                    "markham-sampson-herod-and-antipater",
                    "heywood-the-english-traveller",
                    "cary-mariam-the-fair-queen-of-jewry",
                    "marlowe-the-jew-of-malta",
                    "massinger-the-guardian",
                    "massinger-the-renegado",
                    "munday-chettle-the-death-of-robert-earl-of-huntingdon",
                    "heywood-the-four-prentices-of-london",
                    "dekker-if-it-be-not-good-the-devil-is-in-it",
                    "daborne-a-christian-turned-turk",
                    "jonson-the-case-is-altered",
                    "jonson-the-alchemist",
                    "heywood-the-four-prentices-of-london",
                    "markham-sampson-herod-and-antipater"
                ],
                "original_label": "Jerusalem/Sion/Syon",
                "count": 17
            }
        },
        {
            "type": "Feature",
            "geometry": {
                "type": "Point",
                "coordinates": [
                    -2.7540658,
                    52.707755
                ]
            },
            "properties": {
                "name": "Shrewsbury, Shropshire, England, United Kingdom",
                "type": "city",
                "titles": [
                    "cavendish-the-variety"
                ],
                "original_label": "Shrewsbury",
                "count": 1
            }
        },
        {
            "type": "Feature",
            "geometry": {
                "type": "Point",
                "coordinates": [
                    27.144594984465023,
                    37.63611725
                ]
            },
            "properties": {
                "name": "Thebai, Doğanbey Mahallesi, Söke, Aydın, Ege Bölgesi, Türkiye",
                "type": "city",
                "titles": [
                    "chapman-bussy-d-ambois",
                    "heywood-the-brazen-age",
                    "may-antigone-the-theban-princess",
                    "daniel-the-queen-s-arcadia",
                    "randolph-the-jealous-lovers",
                    "lyly-campaspe"
                ],
                "original_label": "Thebes",
                "count": 6
            }
        },
        {
            "type": "Feature",
            "geometry": {
                "type": "Point",
                "coordinates": [
                    -2.7160441,
                    51.8098882
                ]
            },
            "properties": {
                "name": "Monmouth, Monmouthshire, Cymru / Wales, NP25 3UZ, United Kingdom",
                "type": "city",
                "titles": [
                    "chapman-jonson-marston-eastward-ho"
                ],
                "original_label": "Monmouth",
                "count": 1
            }
        },
        {
            "type": "Feature",
            "geometry": {
                "type": "Point",
                "coordinates": [
                    -1.3131692,
                    51.0612766
                ]
            },
            "properties": {
                "name": "Winchester, Hampshire, England, United Kingdom",
                "type": "city",
                "titles": [
                    "dekker-webster-the-famous-history-of-sir-thomas-wyatt",
                    "jonson-the-alchemist",
                    "middleton-the-mayor-of-quinborough",
                    "rowley-when-you-see-me-you-know-me",
                    "day-law-tricks",
                    "rowley-the-birth-of-merlin",
                    "chapman-jonson-marston-eastward-ho",
                    "munday-chettle-the-death-of-robert-earl-of-huntingdon",
                    "dekker-webster-westward-ho"
                ],
                "original_label": "Winchester",
                "count": 9
            }
        },
        {
            "type": "Feature",
            "geometry": {
                "type": "Point",
                "coordinates": [
                    2.4141907,
                    49.3780921
                ]
            },
            "properties": {
                "name": "Clermont, Oise, Hauts-de-France, France métropolitaine, 60600, France",
                "type": "city",
                "titles": [
                    "chapman-the-revenge-of-bussy-d-ambois"
                ],
                "original_label": "Clermont",
                "count": 1
            }
        },
        {
            "type": "Feature",
            "geometry": {
                "type": "Point",
                "coordinates": [
                    2.9584481,
                    46.1512923
                ]
            },
            "properties": {
                "name": "Cambray, Nades, Vichy, Allier, Auvergne-Rhône-Alpes, France métropolitaine, 03450, France",
                "type": "city",
                "titles": [
                    "chapman-the-revenge-of-bussy-d-ambois"
                ],
                "original_label": "Cambray",
                "count": 1
            }
        },
        {
            "type": "Feature",
            "geometry": {
                "type": "Point",
                "coordinates": [
                    8.694724,
                    49.4093582
                ]
            },
            "properties": {
                "name": "Heidelberg, Baden-Württemberg, Deutschland",
                "type": "city",
                "titles": [
                    "chettle-hoffman",
                    "jonson-the-alchemist",
                    "shirley-the-wedding"
                ],
                "original_label": "Heidelberg",
                "count": 3
            }
        },
        {
            "type": "Feature",
            "geometry": {
                "type": "Point",
                "coordinates": [
                    12.646761,
                    51.8666527
                ]
            },
            "properties": {
                "name": "Wittenberg, Sachsen-Anhalt, Deutschland",
                "type": "city",
                "titles": [
                    "dekker-the-shoemaker-s-holiday",
                    "cumber-the-two-merry-milkmaids"
                ],
                "original_label": "Wittenberg",
                "count": 2
            }
        },
        {
            "type": "Feature",
            "geometry": {
                "type": "Point",
                "coordinates": [
                    9.1896346,
                    45.4641943
                ]
            },
            "properties": {
                "name": "Milano, Lombardia, Italia",
                "type": "city",
                "titles": [
                    "d-the-knave-in-grain-new-vamped",
                    "fletcher-field-four-plays",
                    "middleton-more-dissemblers-besides-women",
                    "greene-alphonsus-king-of-aragon",
                    "webster-the-duchess-of-malfi",
                    "dekker-middleton-the-honest-whore-1",
                    "jonson-the-case-is-altered"
                ],
                "original_label": "Milan",
                "count": 7
            }
        },
        {
            "type": "Feature",
            "geometry": {
                "type": "Point",
                "coordinates": [
                    -0.0620966,
                    51.5071305
                ]
            },
            "properties": {
                "name": "Wapping, London Borough of Tower Hamlets, London, Greater London, England, E1W 2JX, United Kingdom",
                "type": "city",
                "titles": [
                    "daborne-a-christian-turned-turk",
                    "dekker-webster-northward-ho"
                ],
                "original_label": "Wapping",
                "count": 2
            }
        },
        {
            "type": "Feature",
            "geometry": {
                "type": "Point",
                "coordinates": [
                    10.1857757,
                    36.8002068
                ]
            },
            "properties": {
                "name": "تونس, ولاية تونس, تونس",
                "type": "city",
                "titles": [
                    "massinger-the-guardian",
                    "killigrew-the-prisoners",
                    "daborne-a-christian-turned-turk",
                    "massinger-the-renegado"
                ],
                "original_label": "Tunis",
                "count": 4
            }
        },
        {
            "type": "Feature",
            "geometry": {
                "type": "Point",
                "coordinates": [
                    33.3638783,
                    35.1746503
                ]
            },
            "properties": {
                "name": "Λευκωσία, Λευκωσία - Lefkoşa, Δήμος Λευκωσίας, Επαρχία Λευκωσίας, Κύπρος, Κύπρος - Kıbrıs",
                "type": "city",
                "titles": [
                    "daniel-the-queen-s-arcadia"
                ],
                "original_label": "Nicosia",
                "count": 1
            }
        },
        {
            "type": "Feature",
            "geometry": {
                "type": "Point",
                "coordinates": [
                    21.7350847,
                    38.246242
                ]
            },
            "properties": {
                "name": "Πάτρα, Δημοτική Ενότητα Πατρέων, Δήμος Πατρέων, Περιφερειακή Ενότητα Αχαΐας, Περιφέρεια Δυτικής Ελλάδας, Αποκεντρωμένη Διοίκηση Πελοποννήσου, Δυτικής Ελλάδας και Ιονίου, 262 21, Ελλάς",
                "type": "city",
                "titles": [
                    "daniel-the-queen-s-arcadia"
                ],
                "original_label": "Patras",
                "count": 1
            }
        },
        {
            "type": "Feature",
            "geometry": {
                "type": "Point",
                "coordinates": [
                    8.9338624,
                    44.40726
                ]
            },
            "properties": {
                "name": "Genova, Liguria, Italia",
                "type": "city",
                "titles": [
                    "ford-the-lady-s-trial",
                    "marston-the-malcontent",
                    "davenant-the-wits",
                    "fletcher-the-wild-goose-chase",
                    "day-law-tricks",
                    "fletcher-ford-massinger-webster-the-fair-maid-of-the-inn",
                    "davenant-the-cruel-brother",
                    "glapthorne-the-ladies-privilege"
                ],
                "original_label": "Genoa",
                "count": 8
            }
        },
        {
            "type": "Feature",
            "geometry": {
                "type": "Point",
                "coordinates": [
                    -4.0239568,
                    39.8560679
                ]
            },
            "properties": {
                "name": "Toledo, Castilla-La Mancha, España",
                "type": "city",
                "titles": [
                    "ford-the-lady-s-trial",
                    "davenant-the-just-italian",
                    "jonson-every-man-in-his-humour",
                    "kyd-the-spanish-tragedy"
                ],
                "original_label": "Toledo",
                "count": 4
            }
        },
        {
            "type": "Feature",
            "geometry": {
                "type": "Point",
                "coordinates": [
                    10.096726,
                    44.0771026
                ]
            },
            "properties": {
                "name": "Carrara, Massa-Carrara, Toscana, 54033, Italia",
                "type": "city",
                "titles": [
                    "davenant-the-wits"
                ],
                "original_label": "Carrara",
                "count": 1
            }
        },
        {
            "type": "Feature",
            "geometry": {
                "type": "Point",
                "coordinates": [
                    7.6824892,
                    45.0677551
                ]
            },
            "properties": {
                "name": "Torino, Piemonte, Italia",
                "type": "city",
                "titles": [
                    "davenant-the-wits"
                ],
                "original_label": "Turin",
                "count": 1
            }
        },
        {
            "type": "Feature",
            "geometry": {
                "type": "Point",
                "coordinates": [
                    14.446459273258009,
                    50.0596288
                ]
            },
            "properties": {
                "name": "Praha, obvod Praha 4, Hlavní město Praha, Praha, Česko",
                "type": "city",
                "titles": [
                    "davenport-a-new-trick-to-cheat-the-devil",
                    "rowley-a-match-at-midnight"
                ],
                "original_label": "Prague",
                "count": 2
            }
        },
        {
            "type": "Feature",
            "geometry": {
                "type": "Point",
                "coordinates": [
                    23.5348663,
                    38.047608
                ]
            },
            "properties": {
                "name": "Ελευσίνα, Δημοτική Ενότητα Ελευσίνος, Δήμος Ελευσίνας, Περιφερειακή Ενότητα Δυτικής Αττικής, Περιφέρεια Αττικής, Αποκεντρωμένη Διοίκηση Αττικής, 192 00, Ελλάς",
                "type": "city",
                "titles": [
                    "day-the-parliament-of-bees"
                ],
                "original_label": "Eleusis",
                "count": 1
            }
        },
        {
            "type": "Feature",
            "geometry": {
                "type": "Point",
                "coordinates": [
                    26.23798,
                    39.957369
                ]
            },
            "properties": {
                "name": "Troy",
                "type": "city",
                "titles": [
                    "dekker-massinger-the-virgin-martyr",
                    "heywood-the-iron-age-1",
                    "heywood-the-brazen-age",
                    "wilmot-hatton-noel-al-stafford-tancred-and-gismund",
                    "fletcher-sicelides",
                    "heywood-the-iron-age-2"
                ],
                "original_label": "Troy/Illium",
                "count": 6
            }
        },
        {
            "type": "Feature",
            "geometry": {
                "type": "Point",
                "coordinates": [
                    34.90545,
                    32.50861
                ]
            },
            "properties": {
                "name": "Cesarea",
                "type": "city",
                "titles": [
                    "dekker-massinger-the-virgin-martyr"
                ],
                "original_label": "Cesarea",
                "count": 1
            }
        },
        {
            "type": "Feature",
            "geometry": {
                "type": "Point",
                "coordinates": [
                    35.20577,
                    31.70473
                ]
            },
            "properties": {
                "name": "Bethlem,Palestine",
                "type": "city",
                "titles": [
                    "dekker-middleton-the-honest-whore-1"
                ],
                "original_label": "Bethlem",
                "count": 1
            }
        },
        {
            "type": "Feature",
            "geometry": {
                "type": "Point",
                "coordinates": [
                    9.754219200862249,
                    45.756655699999996
                ]
            },
            "properties": {
                "name": "Bergamo, Lombardia, Italia",
                "type": "city",
                "titles": [
                    "dekker-middleton-the-honest-whore-1"
                ],
                "original_label": "Bergamo",
                "count": 1
            }
        },
        {
            "type": "Feature",
            "geometry": {
                "type": "Point",
                "coordinates": [
                    20.4568974,
                    44.8178131
                ]
            },
            "properties": {
                "name": "Београд, Град Београд, Централна Србија, Србија",
                "type": "city",
                "titles": [
                    "dekker-middleton-the-roaring-girl",
                    "greene-selimus-1"
                ],
                "original_label": "Belgrad",
                "count": 2
            }
        },
        {
            "type": "Feature",
            "geometry": {
                "type": "Point",
                "coordinates": [
                    1.9086066,
                    47.9027336
                ]
            },
            "properties": {
                "name": "Orléans, Loiret, Centre-Val de Loire, France métropolitaine, France",
                "type": "city",
                "titles": [
                    "cavendish-the-variety",
                    "chapman-the-conspiracy-of-charles-duke-of-byron",
                    "chapman-the-tragedy-of-charles-duke-of-byron",
                    "dekker-middleton-the-roaring-girl",
                    "dekker-webster-northward-ho",
                    "field-massinger-fletcher-the-honest-man-s-fortune",
                    "fletcher-beaumont-the-noble-gentleman",
                    "fletcher-the-wild-goose-chase"
                ],
                "original_label": "Orleans/Orleance",
                "count": 8
            }
        },
        {
            "type": "Feature",
            "geometry": {
                "type": "Point",
                "coordinates": [
                    -3.7118952,
                    55.9759785
                ]
            },
            "properties": {
                "name": "Rumford, Falkirk, Alba / Scotland, FK2 0SD, United Kingdom",
                "type": "city",
                "titles": [
                    "jonson-bartholomew-fair",
                    "dekker-middleton-the-roaring-girl",
                    "massinger-the-city-madam"
                ],
                "original_label": "Rumford",
                "count": 3
            }
        },
        {
            "type": "Feature",
            "geometry": {
                "type": "Point",
                "coordinates": [
                    -6.2782374,
                    53.3484314
                ]
            },
            "properties": {
                "name": "Smithfield, Arran Quay C ED, Dublin, County Dublin, Leinster, Éire / Ireland",
                "type": "city",
                "titles": [
                    "jonson-bartholomew-fair",
                    "heywood-if-you-know-not-me-you-know-nobody-2",
                    "middleton-rowley-wit-at-several-weapons",
                    "rowley-a-new-wonder-a-woman-never-vexed",
                    "dekker-middleton-the-roaring-girl"
                ],
                "original_label": "Smithfield",
                "count": 5
            }
        },
        {
            "type": "Feature",
            "geometry": {
                "type": "Point",
                "coordinates": [
                    -0.7564606952889384,
                    52.025670419862976
                ]
            },
            "properties": {
                "name": "Ludgate, Bleak Hall, Woughton on the Green, Milton Keynes, City of Milton Keynes, England, MK6 5LZ, United Kingdom",
                "type": "city",
                "titles": [
                    "dekker-middleton-the-roaring-girl",
                    "dekker-webster-northward-ho",
                    "rowley-a-new-wonder-a-woman-never-vexed"
                ],
                "original_label": "Ludgate",
                "count": 3
            }
        },
        {
            "type": "Feature",
            "geometry": {
                "type": "Point",
                "coordinates": [
                    -0.1398817,
                    51.4889993
                ]
            },
            "properties": {
                "name": "Pimlico, London, Greater London, England, SW1V 4BX, United Kingdom",
                "type": "city",
                "titles": [
                    "dekker-middleton-the-roaring-girl",
                    "jonson-the-devil-is-an-ass",
                    "massinger-the-city-madam"
                ],
                "original_label": "Pimlico",
                "count": 3
            }
        },
        {
            "type": "Feature",
            "geometry": {
                "type": "Point",
                "coordinates": [
                    0.0045685,
                    51.5280966
                ]
            },
            "properties": {
                "name": "West Ham, Manor Road, Mill Meads, West Ham, London Borough of Newham, London, Greater London, England, E15 3BN, United Kingdom",
                "type": "city",
                "titles": [
                    "dekker-rowley-ford-the-witch-of-edmonton"
                ],
                "original_label": "West-ham",
                "count": 1
            }
        },
        {
            "type": "Feature",
            "geometry": {
                "type": "Point",
                "coordinates": [
                    5.773545903524977,
                    50.47081585
                ]
            },
            "properties": {
                "name": "Liège, Wallonie, België / Belgique / Belgien",
                "type": "city",
                "titles": [
                    "dekker-the-shoemaker-s-holiday"
                ],
                "original_label": "Liege",
                "count": 1
            }
        },
        {
            "type": "Feature",
            "geometry": {
                "type": "Point",
                "coordinates": [
                    -2.696266,
                    57.6116818
                ]
            },
            "properties": {
                "name": "Cornhill, Aberdeenshire, Alba / Scotland, AB45 2ES, United Kingdom",
                "type": "city",
                "titles": [
                    "jonson-the-devil-is-an-ass",
                    "dekker-the-shoemaker-s-holiday",
                    "wilson-the-three-lords-and-three-ladies-of-london",
                    "rowley-a-match-at-midnight"
                ],
                "original_label": "Cornhill",
                "count": 4
            }
        },
        {
            "type": "Feature",
            "geometry": {
                "type": "Point",
                "coordinates": [
                    1.0802533,
                    51.2800275
                ]
            },
            "properties": {
                "name": "Canterbury, Kent, England, United Kingdom",
                "type": "city",
                "titles": [
                    "middleton-the-mayor-of-quinborough",
                    "wilson-the-three-ladies-of-london",
                    "sampson-the-vow-breaker",
                    "dekker-webster-northward-ho",
                    "rowley-a-shoemaker-a-gentleman"
                ],
                "original_label": "Canterbury",
                "count": 5
            }
        },
        {
            "type": "Feature",
            "geometry": {
                "type": "Point",
                "coordinates": [
                    -1.1335312,
                    53.5227681
                ]
            },
            "properties": {
                "name": "Doncaster, South Yorkshire, England, United Kingdom",
                "type": "city",
                "titles": [
                    "greene-george-a-green-the-pinner-of-wakefield",
                    "dekker-webster-northward-ho",
                    "munday-chettle-the-death-of-robert-earl-of-huntingdon"
                ],
                "original_label": "Doncaster",
                "count": 3
            }
        },
        {
            "type": "Feature",
            "geometry": {
                "type": "Point",
                "coordinates": [
                    -2.930817033257531,
                    56.22008425
                ]
            },
            "properties": {
                "name": "Sturbridge, 34, Church Place, Upper Largo, Fife, Alba / Scotland, KY8 6EH, United Kingdom",
                "type": "city",
                "titles": [
                    "randolph-aristippus-or-the-jovial-philosopher",
                    "dekker-webster-northward-ho",
                    "tomkis-lingua"
                ],
                "original_label": "Sturbridge",
                "count": 3
            }
        },
        {
            "type": "Feature",
            "geometry": {
                "type": "Point",
                "coordinates": [
                    0.504925,
                    51.3883811
                ]
            },
            "properties": {
                "name": "Rochester, Kent, England, United Kingdom",
                "type": "city",
                "titles": [
                    "dekker-webster-the-famous-history-of-sir-thomas-wyatt",
                    "munday-drayton-wilson-hathaway-sir-john-oldcastle-1"
                ],
                "original_label": "Rochester",
                "count": 2
            }
        },
        {
            "type": "Feature",
            "geometry": {
                "type": "Point",
                "coordinates": [
                    -0.5770971203870676,
                    51.23710177205205
                ]
            },
            "properties": {
                "name": "Guildford",
                "type": "city",
                "titles": [
                    "dekker-webster-the-famous-history-of-sir-thomas-wyatt",
                    "munday-chettle-the-death-of-robert-earl-of-huntingdon"
                ],
                "original_label": "Guilford",
                "count": 2
            }
        },
        {
            "type": "Feature",
            "geometry": {
                "type": "Point",
                "coordinates": [
                    7.2058304,
                    53.3670541
                ]
            },
            "properties": {
                "name": "Emden, Niedersachsen, Deutschland",
                "type": "city",
                "titles": [
                    "marlowe-dr-faustus",
                    "drue-the-duchess-of-suffolk"
                ],
                "original_label": "Emden",
                "count": 2
            }
        },
        {
            "type": "Feature",
            "geometry": {
                "type": "Point",
                "coordinates": [
                    4.47775,
                    51.9244424
                ]
            },
            "properties": {
                "name": "Rotterdam, Zuid-Holland, Nederland",
                "type": "city",
                "titles": [
                    "drue-the-duchess-of-suffolk"
                ],
                "original_label": "Roterdam",
                "count": 1
            }
        },
        {
            "type": "Feature",
            "geometry": {
                "type": "Point",
                "coordinates": [
                    -0.08767154999999874,
                    51.50804895
                ]
            },
            "properties": {
                "name": "London Bridge, King William Street, Cornhill, City of London, Greater London, England, EC4R 3AE, United Kingdom",
                "type": "city",
                "titles": [
                    "middleton-anything-for-a-quiet-life",
                    "drue-the-duchess-of-suffolk"
                ],
                "original_label": "London-Bridge",
                "count": 2
            }
        },
        {
            "type": "Feature",
            "geometry": {
                "type": "Point",
                "coordinates": [
                    2.2956951,
                    49.8941708
                ]
            },
            "properties": {
                "name": "Amiens, Somme, Hauts-de-France, France métropolitaine, France",
                "type": "city",
                "titles": [
                    "field-massinger-fletcher-the-honest-man-s-fortune"
                ],
                "original_label": "Amiens",
                "count": 1
            }
        },
        {
            "type": "Feature",
            "geometry": {
                "type": "Point",
                "coordinates": [
                    19.0417582,
                    47.4938673
                ]
            },
            "properties": {
                "name": "Buda, Víziváros, I. kerület, Budapest, Közép-Magyarország, 1013, Magyarország",
                "type": "city",
                "titles": [
                    "fletcher-beaumont-the-captain"
                ],
                "original_label": "Buda",
                "count": 1
            }
        },
        {
            "type": "Feature",
            "geometry": {
                "type": "Point",
                "coordinates": [
                    -7.735898450296809,
                    53.1749007
                ]
            },
            "properties": {
                "name": "Frankford, Kilcormac ED, Birr, County Offaly, Leinster, Éire / Ireland",
                "type": "city",
                "titles": [
                    "s-thomas-lord-cromwell",
                    "fletcher-ford-massinger-webster-the-fair-maid-of-the-inn"
                ],
                "original_label": "Frankford",
                "count": 2
            }
        },
        {
            "type": "Feature",
            "geometry": {
                "type": "Point",
                "coordinates": [
                    4.9130588,
                    50.2591813
                ]
            },
            "properties": {
                "name": "Dinant, Namur, Wallonie, België / Belgique / Belgien",
                "type": "city",
                "titles": [
                    "fletcher-massinger-the-little-french-lawyer"
                ],
                "original_label": "Dinant",
                "count": 1
            }
        },
        {
            "type": "Feature",
            "geometry": {
                "type": "Point",
                "coordinates": [
                    6.1466014,
                    46.2017559
                ]
            },
            "properties": {
                "name": "Genève, Schweiz/Suisse/Svizzera/Svizra",
                "type": "city",
                "titles": [
                    "fletcher-the-chances"
                ],
                "original_label": "Geneva",
                "count": 1
            }
        },
        {
            "type": "Feature",
            "geometry": {
                "type": "Point",
                "coordinates": [
                    10.454430026192636,
                    44.017763900000006
                ]
            },
            "properties": {
                "name": "Lucca, Toscana, Italia",
                "type": "city",
                "titles": [
                    "ford-love-s-sacrifice"
                ],
                "original_label": "Luca",
                "count": 1
            }
        },
        {
            "type": "Feature",
            "geometry": {
                "type": "Point",
                "coordinates": [
                    -1.75,
                    54.666667
                ]
            },
            "properties": {
                "name": "County Durham, North East, England, United Kingdom",
                "type": "city",
                "titles": [
                    "ford-perkin-warbeck"
                ],
                "original_label": "Durham",
                "count": 1
            }
        },
        {
            "type": "Feature",
            "geometry": {
                "type": "Point",
                "coordinates": [
                    -3.1029086,
                    51.0147895
                ]
            },
            "properties": {
                "name": "Taunton, Somerset, England, TA1 1JD, United Kingdom",
                "type": "city",
                "titles": [
                    "ford-perkin-warbeck"
                ],
                "original_label": "Taunton",
                "count": 1
            }
        },
        {
            "type": "Feature",
            "geometry": {
                "type": "Point",
                "coordinates": [
                    2.7829206,
                    48.7434766
                ]
            },
            "properties": {
                "name": "La Ligorne, Tournan-en-Brie, Torcy, Seine-et-Marne, Île-de-France, France métropolitaine, 77220, France",
                "type": "city",
                "titles": [
                    "ford-the-fancies-chaste-and-noble"
                ],
                "original_label": "Ligorne",
                "count": 1
            }
        },
        {
            "type": "Feature",
            "geometry": {
                "type": "Point",
                "coordinates": [
                    15.293,
                    37.0624
                ]
            },
            "properties": {
                "name": "Siracusa",
                "type": "city",
                "titles": [
                    "lyly-sappho-and-phao",
                    "freeman-imperiale",
                    "massinger-the-bondman"
                ],
                "original_label": "Syracusa",
                "count": 3
            }
        },
        {
            "type": "Feature",
            "geometry": {
                "type": "Point",
                "coordinates": [
                    3.08012,
                    50.36761
                ]
            },
            "properties": {
                "name": "Douai, France",
                "type": "city",
                "titles": [
                    "zouche-the-sophister",
                    "gascoigne-the-glass-of-government",
                    "marlowe-the-massacre-at-paris"
                ],
                "original_label": "Doway",
                "count": 3
            }
        },
        {
            "type": "Feature",
            "geometry": {
                "type": "Point",
                "coordinates": [
                    -5.6050213,
                    36.0129082
                ]
            },
            "properties": {
                "name": "Tarifa, Campo de Gibraltar, Cádiz, Andalucía, 11380, España",
                "type": "city",
                "titles": [
                    "glapthorne-revenge-for-honor"
                ],
                "original_label": "Tarifa",
                "count": 1
            }
        },
        {
            "type": "Feature",
            "geometry": {
                "type": "Point",
                "coordinates": [
                    21.18,
                    38.12
                ]
            },
            "properties": {
                "name": "Gulf of Lepanto",
                "type": "city",
                "titles": [
                    "glapthorne-the-ladies-privilege",
                    "harding-sicily-and-naples",
                    "shirley-the-humorous-courtier"
                ],
                "original_label": "Lepanto",
                "count": 3
            }
        },
        {
            "type": "Feature",
            "geometry": {
                "type": "Point",
                "coordinates": [
                    -0.5404819,
                    53.2293545
                ]
            },
            "properties": {
                "name": "Lincoln, Lincolnshire, England, United Kingdom",
                "type": "city",
                "titles": [
                    "middleton-the-mayor-of-quinborough",
                    "greene-friar-bacon-and-friar-bongay"
                ],
                "original_label": "Lincoln",
                "count": 2
            }
        },
        {
            "type": "Feature",
            "geometry": {
                "type": "Point",
                "coordinates": [
                    36.3095814,
                    33.5130695
                ]
            },
            "properties": {
                "name": "دمشق, بلدية دمشق القديمة, ناحية دمشق, منطقة دمشق, محافظة دمشق, سوريا",
                "type": "city",
                "titles": [
                    "greene-friar-bacon-and-friar-bongay",
                    "lower-the-phoenix-in-her-flames"
                ],
                "original_label": "Damasco/Damascus",
                "count": 2
            }
        },
        {
            "type": "Feature",
            "geometry": {
                "type": "Point",
                "coordinates": [
                    1.3627671,
                    52.3020325
                ]
            },
            "properties": {
                "name": "Laxfield, Suffolk, England, United Kingdom",
                "type": "city",
                "titles": [
                    "greene-friar-bacon-and-friar-bongay"
                ],
                "original_label": "Laxfield",
                "count": 1
            }
        },
        {
            "type": "Feature",
            "geometry": {
                "type": "Point",
                "coordinates": [
                    -2.747183,
                    54.3289795
                ]
            },
            "properties": {
                "name": "Kendal, Westmorland and Furness, England, United Kingdom",
                "type": "city",
                "titles": [
                    "greene-george-a-green-the-pinner-of-wakefield"
                ],
                "original_label": "Kendal",
                "count": 1
            }
        },
        {
            "type": "Feature",
            "geometry": {
                "type": "Point",
                "coordinates": [
                    -1.7519186,
                    53.7944229
                ]
            },
            "properties": {
                "name": "Bradford, West Yorkshire, England, United Kingdom",
                "type": "city",
                "titles": [
                    "greene-george-a-green-the-pinner-of-wakefield"
                ],
                "original_label": "Bradford",
                "count": 1
            }
        },
        {
            "type": "Feature",
            "geometry": {
                "type": "Point",
                "coordinates": [
                    29.007683112386104,
                    41.00687475999835
                ]
            },
            "properties": {
                "name": "Istanbul",
                "type": "city",
                "titles": [
                    "greene-selimus-1"
                ],
                "original_label": "Bizantium",
                "count": 1
            }
        },
        {
            "type": "Feature",
            "geometry": {
                "type": "Point",
                "coordinates": [
                    35.7727169,
                    40.6569451
                ]
            },
            "properties": {
                "name": "Amasya, Karadeniz Bölgesi, Türkiye",
                "type": "city",
                "titles": [
                    "greene-selimus-1"
                ],
                "original_label": "Amasia",
                "count": 1
            }
        },
        {
            "type": "Feature",
            "geometry": {
                "type": "Point",
                "coordinates": [
                    27.1431,
                    38.4246
                ]
            },
            "properties": {
                "name": "Izmir, Turkey",
                "type": "city",
                "titles": [
                    "greene-selimus-1"
                ],
                "original_label": "Smirna",
                "count": 1
            }
        },
        {
            "type": "Feature",
            "geometry": {
                "type": "Point",
                "coordinates": [
                    -3.1950420775272397,
                    55.94790992448649
                ]
            },
            "properties": {
                "name": "Edinbrugh",
                "type": "city",
                "titles": [
                    "sampson-the-vow-breaker",
                    "greene-the-scottish-history-of-james-the-fourth"
                ],
                "original_label": "Edenborough",
                "count": 2
            }
        },
        {
            "type": "Feature",
            "geometry": {
                "type": "Point",
                "coordinates": [
                    12.5886912,
                    37.6537292
                ]
            },
            "properties": {
                "name": "Mazara del Vallo, Trapani, Sicilia, 91026, Italia",
                "type": "city",
                "titles": [
                    "harding-sicily-and-naples"
                ],
                "original_label": "Mazara",
                "count": 1
            }
        },
        {
            "type": "Feature",
            "geometry": {
                "type": "Point",
                "coordinates": [
                    -1.7069199,
                    50.9418236
                ]
            },
            "properties": {
                "name": "Leaden Hall, Godshill, New Forest, Hampshire, England, SP5 2PU, United Kingdom",
                "type": "city",
                "titles": [
                    "haughton-englishmen-for-my-money"
                ],
                "original_label": "Leaden-hall",
                "count": 1
            }
        },
        {
            "type": "Feature",
            "geometry": {
                "type": "Point",
                "coordinates": [
                    -0.09049093666739638,
                    51.51299753354677
                ]
            },
            "properties": {
                "name": "Bucklersbury, London",
                "type": "city",
                "titles": [
                    "haughton-englishmen-for-my-money"
                ],
                "original_label": "Bucklers-Bury",
                "count": 1
            }
        },
        {
            "type": "Feature",
            "geometry": {
                "type": "Point",
                "coordinates": [
                    10.037037979628856,
                    45.22086405
                ]
            },
            "properties": {
                "name": "Cremona, Lombardia, Italia",
                "type": "city",
                "titles": [
                    "heywood-the-brazen-age"
                ],
                "original_label": "Cremona",
                "count": 1
            }
        },
        {
            "type": "Feature",
            "geometry": {
                "type": "Point",
                "coordinates": [
                    21.6963888,
                    36.9137968
                ]
            },
            "properties": {
                "name": "Πύλος, Δήμος Πύλου - Νέστορος, Περιφερειακή Ενότητα Μεσσηνίας, Περιφέρεια Πελοποννήσου, Αποκεντρωμένη Διοίκηση Πελοποννήσου, Δυτικής Ελλάδας και Ιονίου, 240 01, Ελλάς",
                "type": "city",
                "titles": [
                    "heywood-the-brazen-age"
                ],
                "original_label": "Pylos",
                "count": 1
            }
        },
        {
            "type": "Feature",
            "geometry": {
                "type": "Point",
                "coordinates": [
                    -4.1424451,
                    50.3714122
                ]
            },
            "properties": {
                "name": "Plymouth, England, United Kingdom",
                "type": "city",
                "titles": [
                    "heywood-the-fair-maid-of-the-west-1"
                ],
                "original_label": "Plimouth",
                "count": 1
            }
        },
        {
            "type": "Feature",
            "geometry": {
                "type": "Point",
                "coordinates": [
                    88.3648,
                    22.5728
                ]
            },
            "properties": {
                "name": "Calcutta",
                "type": "city",
                "titles": [
                    "heywood-the-four-prentices-of-london"
                ],
                "original_label": "Calecut",
                "count": 1
            }
        },
        {
            "type": "Feature",
            "geometry": {
                "type": "Point",
                "coordinates": [
                    4.0746257,
                    48.2971626
                ]
            },
            "properties": {
                "name": "Troyes, Aube, Grand Est, France métropolitaine, 10000, France",
                "type": "city",
                "titles": [
                    "heywood-the-iron-age-1",
                    "heywood-the-iron-age-2",
                    "may-cleopatra-queen-of-egypt"
                ],
                "original_label": "Troyes",
                "count": 3
            }
        },
        {
            "type": "Feature",
            "geometry": {
                "type": "Point",
                "coordinates": [
                    22.75434,
                    37.7303
                ]
            },
            "properties": {
                "name": "Mycenae",
                "type": "city",
                "titles": [
                    "heywood-the-iron-age-2",
                    "pikering-horestes"
                ],
                "original_label": "Mycene/Mycoene",
                "count": 2
            }
        },
        {
            "type": "Feature",
            "geometry": {
                "type": "Point",
                "coordinates": [
                    22.72599478399277,
                    37.634550275110755
                ]
            },
            "properties": {
                "name": "Argo",
                "type": "city",
                "titles": [
                    "heywood-the-iron-age-2"
                ],
                "original_label": "Argo",
                "count": 1
            }
        },
        {
            "type": "Feature",
            "geometry": {
                "type": "Point",
                "coordinates": [
                    -0.08976784665193083,
                    51.51620852515127
                ]
            },
            "properties": {
                "name": "Coleman Street, London",
                "type": "city",
                "titles": [
                    "jonson-every-man-in-his-humour"
                ],
                "original_label": "Colman-street",
                "count": 1
            }
        },
        {
            "type": "Feature",
            "geometry": {
                "type": "Point",
                "coordinates": [
                    5.385696526076527,
                    43.309810229584265
                ]
            },
            "properties": {
                "name": "Marseille",
                "type": "city",
                "titles": [
                    "jonson-every-man-in-his-humour"
                ],
                "original_label": "Marseilles",
                "count": 1
            }
        },
        {
            "type": "Feature",
            "geometry": {
                "type": "Point",
                "coordinates": [
                    36.749239831696435,
                    43.54088937409093
                ]
            },
            "properties": {
                "name": "Pontus",
                "type": "city",
                "titles": [
                    "jonson-sejanus-his-fall"
                ],
                "original_label": "Pontia",
                "count": 1
            }
        },
        {
            "type": "Feature",
            "geometry": {
                "type": "Point",
                "coordinates": [
                    -0.5539235,
                    53.565614
                ]
            },
            "properties": {
                "name": "Broughton, North Lincolnshire, England, United Kingdom",
                "type": "city",
                "titles": [
                    "jonson-the-alchemist"
                ],
                "original_label": "Broughton",
                "count": 1
            }
        },
        {
            "type": "Feature",
            "geometry": {
                "type": "Point",
                "coordinates": [
                    -2.4527,
                    53.2216
                ]
            },
            "properties": {
                "name": "Cheshire West and Chester",
                "type": "city",
                "titles": [
                    "jonson-the-alchemist",
                    "wilson-the-three-ladies-of-london"
                ],
                "original_label": "Westchester",
                "count": 2
            }
        },
        {
            "type": "Feature",
            "geometry": {
                "type": "Point",
                "coordinates": [
                    11.40635425660249,
                    45.63485905
                ]
            },
            "properties": {
                "name": "Vicenza, Veneto, Italia",
                "type": "city",
                "titles": [
                    "jonson-the-case-is-altered"
                ],
                "original_label": "Vicenza",
                "count": 1
            }
        },
        {
            "type": "Feature",
            "geometry": {
                "type": "Point",
                "coordinates": [
                    -0.1253619173296468,
                    51.4999197
                ]
            },
            "properties": {
                "name": "Westminster Hall, New Palace Yard, Westminster, Millbank, City of Westminster, Greater London, England, SW1A 2JR, United Kingdom",
                "type": "city",
                "titles": [
                    "jonson-the-devil-is-an-ass"
                ],
                "original_label": "Westminster-hall",
                "count": 1
            }
        },
        {
            "type": "Feature",
            "geometry": {
                "type": "Point",
                "coordinates": [
                    -2.8881902,
                    53.189006
                ]
            },
            "properties": {
                "name": "Newgate, City Walls, Handbridge, City of Chester, Chester, Cheshire West and Chester, England, CH1 1RN, United Kingdom",
                "type": "city",
                "titles": [
                    "jonson-the-devil-is-an-ass",
                    "rowley-a-new-wonder-a-woman-never-vexed"
                ],
                "original_label": "Newgate",
                "count": 2
            }
        },
        {
            "type": "Feature",
            "geometry": {
                "type": "Point",
                "coordinates": [
                    0.71222,
                    52.24546
                ]
            },
            "properties": {
                "name": "Bury, United Kingdom",
                "type": "city",
                "titles": [
                    "jonson-the-devil-is-an-ass"
                ],
                "original_label": "Bury",
                "count": 1
            }
        },
        {
            "type": "Feature",
            "geometry": {
                "type": "Point",
                "coordinates": [
                    0.3643896,
                    51.4631174
                ]
            },
            "properties": {
                "name": "Tilbury, Thurrock, Essex, England, RM18 8XR, United Kingdom",
                "type": "city",
                "titles": [
                    "killigrew-the-parson-s-wedding"
                ],
                "original_label": "Tilbury",
                "count": 1
            }
        },
        {
            "type": "Feature",
            "geometry": {
                "type": "Point",
                "coordinates": [
                    -9.1365919,
                    38.7077507
                ]
            },
            "properties": {
                "name": "Lisboa, Portugal",
                "type": "city",
                "titles": [
                    "fletcher-massinger-the-custom-of-the-country",
                    "kyd-the-spanish-tragedy",
                    "peele-the-battle-of-alcazar"
                ],
                "original_label": "Lisbon/Lisborne",
                "count": 3
            }
        },
        {
            "type": "Feature",
            "geometry": {
                "type": "Point",
                "coordinates": [
                    -1.3402795,
                    52.0601807
                ]
            },
            "properties": {
                "name": "Banbury, Cherwell, Oxfordshire, England, United Kingdom",
                "type": "city",
                "titles": [
                    "middleton-anything-for-a-quiet-life",
                    "lupton-all-for-money",
                    "nabbes-covent-garden"
                ],
                "original_label": "Banbury",
                "count": 3
            }
        },
        {
            "type": "Feature",
            "geometry": {
                "type": "Point",
                "coordinates": [
                    28.9758715,
                    41.006381
                ]
            },
            "properties": {
                "name": "İstanbul, Fatih, İstanbul, Marmara Bölgesi, 34122, Türkiye",
                "type": "city",
                "titles": [
                    "marlowe-dr-faustus"
                ],
                "original_label": "Constantinople",
                "count": 1
            }
        },
        {
            "type": "Feature",
            "geometry": {
                "type": "Point",
                "coordinates": [
                    20.89745553325849,
                    37.78519160833165
                ]
            },
            "properties": {
                "name": "Zante",
                "type": "city",
                "titles": [
                    "marlowe-nashe-dido-queen-of-carthage"
                ],
                "original_label": "Zanthus",
                "count": 1
            }
        },
        {
            "type": "Feature",
            "geometry": {
                "type": "Point",
                "coordinates": [
                    2.3483915,
                    48.8534951
                ]
            },
            "properties": {
                "name": "Paris, Île-de-France, France métropolitaine, France",
                "type": "city",
                "titles": [
                    "marlowe-the-massacre-at-paris"
                ],
                "original_label": "Lutetia",
                "count": 1
            }
        },
        {
            "type": "Feature",
            "geometry": {
                "type": "Point",
                "coordinates": [
                    -0.16248031357798964,
                    51.54279655
                ]
            },
            "properties": {
                "name": "London Borough of Camden, London, Greater London, England, United Kingdom",
                "type": "city",
                "titles": [
                    "marmion-holland-s-leaguer"
                ],
                "original_label": "Camden",
                "count": 1
            }
        },
        {
            "type": "Feature",
            "geometry": {
                "type": "Point",
                "coordinates": [
                    12.630247351512473,
                    43.7273656966035
                ]
            },
            "properties": {
                "name": "Urbino",
                "type": "city",
                "titles": [
                    "marston-parasitaster",
                    "massinger-the-great-duke-of-florence"
                ],
                "original_label": "Vrbin",
                "count": 2
            }
        },
        {
            "type": "Feature",
            "geometry": {
                "type": "Point",
                "coordinates": [
                    33.9387919,
                    35.1205261
                ]
            },
            "properties": {
                "name": "Gazimağusa, Gazimağusa Belediyesi, Gazimağusa ilçesi, Kuzey Kıbrıs, Κύπρος - Kıbrıs",
                "type": "city",
                "titles": [
                    "mason-the-turk"
                ],
                "original_label": "Famagusta",
                "count": 1
            }
        },
        {
            "type": "Feature",
            "geometry": {
                "type": "Point",
                "coordinates": [
                    0.8994651,
                    51.8896903
                ]
            },
            "properties": {
                "name": "Colchester, Essex, England, United Kingdom",
                "type": "city",
                "titles": [
                    "massinger-a-new-way-to-pay-old-debts"
                ],
                "original_label": "Colchester",
                "count": 1
            }
        },
        {
            "type": "Feature",
            "geometry": {
                "type": "Point",
                "coordinates": [
                    -0.3301213755327681,
                    53.76238625
                ]
            },
            "properties": {
                "name": "Kingston upon Hull, England, United Kingdom",
                "type": "city",
                "titles": [
                    "massinger-a-new-way-to-pay-old-debts"
                ],
                "original_label": "Hull",
                "count": 1
            }
        },
        {
            "type": "Feature",
            "geometry": {
                "type": "Point",
                "coordinates": [
                    10.097986896904466,
                    44.6952006
                ]
            },
            "properties": {
                "name": "Parma, Emilia-Romagna, Italia",
                "type": "city",
                "titles": [
                    "webster-the-devil-s-law-case",
                    "massinger-the-bashful-lover",
                    "shirley-the-sisters",
                    "shirley-the-humorous-courtier"
                ],
                "original_label": "Parma",
                "count": 4
            }
        },
        {
            "type": "Feature",
            "geometry": {
                "type": "Point",
                "coordinates": [
                    11.6789076,
                    43.0765485
                ]
            },
            "properties": {
                "name": "Pienza, Unione dei Comuni Valdichiana Senese, Siena, Toscana, 53026, Italia",
                "type": "city",
                "titles": [
                    "massinger-the-maid-of-honour"
                ],
                "original_label": "Pienza",
                "count": 1
            }
        },
        {
            "type": "Feature",
            "geometry": {
                "type": "Point",
                "coordinates": [
                    37.1637253,
                    36.19924
                ]
            },
            "properties": {
                "name": "حلب, ناحية مركز جبل سمعان, منطقة جبل سمعان, محافظة حلب, سوريا",
                "type": "city",
                "titles": [
                    "massinger-the-renegado"
                ],
                "original_label": "Aleppo",
                "count": 1
            }
        },
        {
            "type": "Feature",
            "geometry": {
                "type": "Point",
                "coordinates": [
                    32.54028900721541,
                    31.04279605
                ]
            },
            "properties": {
                "name": "Castrum of Pelusium;Pelusium;Pelusium, Zeus-Kasios Temple;Pelusium church;Roman theater;HIppodrome of Pelusium, طريق القنطره شرق, العريش, بورسعيد, مصر",
                "type": "city",
                "titles": [
                    "may-cleopatra-queen-of-egypt"
                ],
                "original_label": "Pelusium",
                "count": 1
            }
        },
        {
            "type": "Feature",
            "geometry": {
                "type": "Point",
                "coordinates": [
                    12.389840208417045,
                    42.023435274269744
                ]
            },
            "properties": {
                "name": "Veii",
                "type": "city",
                "titles": [
                    "may-cleopatra-queen-of-egypt"
                ],
                "original_label": "Veii",
                "count": 1
            }
        },
        {
            "type": "Feature",
            "geometry": {
                "type": "Point",
                "coordinates": [
                    26.037191339584638,
                    38.37849153193034
                ]
            },
            "properties": {
                "name": "Chyos",
                "type": "city",
                "titles": [
                    "middleton-a-game-at-chess"
                ],
                "original_label": "Chyos",
                "count": 1
            }
        },
        {
            "type": "Feature",
            "geometry": {
                "type": "Point",
                "coordinates": [
                    18.0939501,
                    42.6491029
                ]
            },
            "properties": {
                "name": "Grad Dubrovnik, Dubrovačko-neretvanska županija, Hrvatska",
                "type": "city",
                "titles": [
                    "middleton-anything-for-a-quiet-life"
                ],
                "original_label": "Ragusa",
                "count": 1
            }
        },
        {
            "type": "Feature",
            "geometry": {
                "type": "Point",
                "coordinates": [
                    0.5231646,
                    51.2748258
                ]
            },
            "properties": {
                "name": "Maidstone, Kent, England, United Kingdom",
                "type": "city",
                "titles": [
                    "middleton-the-mayor-of-quinborough"
                ],
                "original_label": "Maidstone",
                "count": 1
            }
        },
        {
            "type": "Feature",
            "geometry": {
                "type": "Point",
                "coordinates": [
                    11.3426327,
                    44.4938203
                ]
            },
            "properties": {
                "name": "Bologna, Emilia-Romagna, Italia",
                "type": "city",
                "titles": [
                    "middleton-women-beware-women"
                ],
                "original_label": "Bologna",
                "count": 1
            }
        },
        {
            "type": "Feature",
            "geometry": {
                "type": "Point",
                "coordinates": [
                    0.3681558,
                    51.8678182
                ]
            },
            "properties": {
                "name": "Dunmow, Dunmow Bypass, Great Dunmow, Uttlesford, Essex, England, CM6 1BW, United Kingdom",
                "type": "city",
                "titles": [
                    "munday-chettle-the-death-of-robert-earl-of-huntingdon"
                ],
                "original_label": "Dunmow",
                "count": 1
            }
        },
        {
            "type": "Feature",
            "geometry": {
                "type": "Point",
                "coordinates": [
                    -2.7151735,
                    52.0553813
                ]
            },
            "properties": {
                "name": "Hereford, Herefordshire, England, United Kingdom",
                "type": "city",
                "titles": [
                    "munday-drayton-wilson-hathaway-sir-john-oldcastle-1"
                ],
                "original_label": "Hereford",
                "count": 1
            }
        },
        {
            "type": "Feature",
            "geometry": {
                "type": "Point",
                "coordinates": [
                    -0.1492397,
                    51.5706446
                ]
            },
            "properties": {
                "name": "Highgate",
                "type": "city",
                "titles": [
                    "munday-drayton-wilson-hathaway-sir-john-oldcastle-1",
                    "rowley-a-new-wonder-a-woman-never-vexed"
                ],
                "original_label": "Hygate/Hye-gate",
                "count": 2
            }
        },
        {
            "type": "Feature",
            "geometry": {
                "type": "Point",
                "coordinates": [
                    0.0541253,
                    51.4505687
                ]
            },
            "properties": {
                "name": "Eltham, Greater London, England, SE9 5DA, United Kingdom",
                "type": "city",
                "titles": [
                    "munday-drayton-wilson-hathaway-sir-john-oldcastle-1"
                ],
                "original_label": "Eltham",
                "count": 1
            }
        },
        {
            "type": "Feature",
            "geometry": {
                "type": "Point",
                "coordinates": [
                    -2.864830586478898,
                    53.16348495
                ]
            },
            "properties": {
                "name": "Huntington, Cheshire West and Chester, England, United Kingdom",
                "type": "city",
                "titles": [
                    "w-the-valiant-scot",
                    "munday-drayton-wilson-hathaway-sir-john-oldcastle-1"
                ],
                "original_label": "Huntington",
                "count": 2
            }
        },
        {
            "type": "Feature",
            "geometry": {
                "type": "Point",
                "coordinates": [
                    -1.4025562356892358,
                    50.90383342156655
                ]
            },
            "properties": {
                "name": "Southampton",
                "type": "city",
                "titles": [
                    "munday-drayton-wilson-hathaway-sir-john-oldcastle-1"
                ],
                "original_label": "Southhampton",
                "count": 1
            }
        },
        {
            "type": "Feature",
            "geometry": {
                "type": "Point",
                "coordinates": [
                    -0.2732607,
                    51.5081402
                ]
            },
            "properties": {
                "name": "Acton, Greater London, England, W3 9NX, United Kingdom",
                "type": "city",
                "titles": [
                    "munday-drayton-wilson-hathaway-sir-john-oldcastle-1"
                ],
                "original_label": "Acton",
                "count": 1
            }
        },
        {
            "type": "Feature",
            "geometry": {
                "type": "Point",
                "coordinates": [
                    0.302977975058654,
                    51.3104474
                ]
            },
            "properties": {
                "name": "Wrotham, Tonbridge and Malling, Kent, England, United Kingdom",
                "type": "city",
                "titles": [
                    "munday-drayton-wilson-hathaway-sir-john-oldcastle-1"
                ],
                "original_label": "Wrotham",
                "count": 1
            }
        },
        {
            "type": "Feature",
            "geometry": {
                "type": "Point",
                "coordinates": [
                    -1.5944418,
                    51.7592426
                ]
            },
            "properties": {
                "name": "Carterton, West Oxfordshire, Oxfordshire, England, United Kingdom",
                "type": "city",
                "titles": [
                    "nabbes-covent-garden"
                ],
                "original_label": "Carterton",
                "count": 1
            }
        },
        {
            "type": "Feature",
            "geometry": {
                "type": "Point",
                "coordinates": [
                    -4.3115907,
                    51.8591257
                ]
            },
            "properties": {
                "name": "Carmarthen, Sir Gaerfyrddin / Carmarthenshire, Cymru / Wales, SA31 1RT, United Kingdom",
                "type": "city",
                "titles": [
                    "peele-edward-the-first",
                    "rowley-the-birth-of-merlin"
                ],
                "original_label": "Carmarthen/Carmarden",
                "count": 2
            }
        },
        {
            "type": "Feature",
            "geometry": {
                "type": "Point",
                "coordinates": [
                    6.5030569499999995,
                    53.0043677
                ]
            },
            "properties": {
                "name": "Gloster, Kloostergaarde, Kloosterveen, Assen, Drenthe, Nederland, 9408 JH, Nederland",
                "type": "city",
                "titles": [
                    "peele-edward-the-first"
                ],
                "original_label": "Gloster",
                "count": 1
            }
        },
        {
            "type": "Feature",
            "geometry": {
                "type": "Point",
                "coordinates": [
                    12.6232714,
                    53.7125354
                ]
            },
            "properties": {
                "name": "Bristow, Schorssow, Mecklenburgische Schweiz, Landkreis Rostock, Mecklenburg-Vorpommern, Deutschland",
                "type": "city",
                "titles": [
                    "peele-edward-the-first",
                    "wilson-the-three-ladies-of-london"
                ],
                "original_label": "Bristow",
                "count": 2
            }
        },
        {
            "type": "Feature",
            "geometry": {
                "type": "Point",
                "coordinates": [
                    -4.2769751,
                    53.1394364
                ]
            },
            "properties": {
                "name": "Caernarfon, Gwynedd, Cymru / Wales, LL55 2AU, United Kingdom",
                "type": "city",
                "titles": [
                    "peele-edward-the-first"
                ],
                "original_label": "Carnarvon",
                "count": 1
            }
        },
        {
            "type": "Feature",
            "geometry": {
                "type": "Point",
                "coordinates": [
                    35.3048161,
                    32.7066301
                ]
            },
            "properties": {
                "name": "الناصرة, נפת יזרעאל, מחוז הצפון, ישראל",
                "type": "city",
                "titles": [
                    "peele-edward-the-first"
                ],
                "original_label": "Nazareth",
                "count": 1
            }
        },
        {
            "type": "Feature",
            "geometry": {
                "type": "Point",
                "coordinates": [
                    -5.8033522,
                    35.7696302
                ]
            },
            "properties": {
                "name": "Tanger طنجة, Pachalik de Tanger باشوية طنجة, Préfecture de Tanger-Assilah عمالة طنجة-أصيلة, Tanger-Tétouan-Al Hoceïma ⵟⴰⵏⵊ-ⵟⵉⵜⴰⵡⵉⵏ-ⵍⵃⵓⵙⵉⵎⴰ طنجة تطوان الحسيمة, Maroc ⵍⵎⵖⵔⵉⴱ المغرب",
                "type": "city",
                "titles": [
                    "peele-the-battle-of-alcazar"
                ],
                "original_label": "Tanger",
                "count": 1
            }
        },
        {
            "type": "Feature",
            "geometry": {
                "type": "Point",
                "coordinates": [
                    -3.6921002,
                    55.492181
                ]
            },
            "properties": {
                "name": "Abington, South Lanarkshire, Alba / Scotland, ML12 6RZ, United Kingdom",
                "type": "city",
                "titles": [
                    "porter-the-two-angry-women-of-abingdon"
                ],
                "original_label": "Abington",
                "count": 1
            }
        },
        {
            "type": "Feature",
            "geometry": {
                "type": "Point",
                "coordinates": [
                    -0.0767411,
                    51.5228499
                ]
            },
            "properties": {
                "name": "Bishopsgate, Commercial Street, Shoreditch, London Borough of Hackney, London, Greater London, England, E1 6BW, United Kingdom",
                "type": "city",
                "titles": [
                    "rowley-a-match-at-midnight"
                ],
                "original_label": "Bishopsgate",
                "count": 1
            }
        },
        {
            "type": "Feature",
            "geometry": {
                "type": "Point",
                "coordinates": [
                    -0.1792423,
                    51.5163047
                ]
            },
            "properties": {
                "name": "Paddington, London, Greater London, England, W2 6QS, United Kingdom",
                "type": "city",
                "titles": [
                    "rowley-a-new-wonder-a-woman-never-vexed"
                ],
                "original_label": "Paddington",
                "count": 1
            }
        },
        {
            "type": "Feature",
            "geometry": {
                "type": "Point",
                "coordinates": [
                    1.3408309,
                    51.2752527
                ]
            },
            "properties": {
                "name": "Sandwich",
                "type": "city",
                "titles": [
                    "rowley-a-shoemaker-a-gentleman"
                ],
                "original_label": "Sandwitch",
                "count": 1
            }
        },
        {
            "type": "Feature",
            "geometry": {
                "type": "Point",
                "coordinates": [
                    12.4818,
                    41.8939
                ]
            },
            "properties": {
                "name": "Rome",
                "type": "city",
                "titles": [
                    "alexander-caesar",
                    "anon-caesar-and-pompey",
                    "anon-canterbury-his-change-of-diet",
                    "anon-jeronimo-with-the-wars-of-portugal-1",
                    "anon-nero",
                    "barnes-the-devil-s-charter",
                    "barry-ram-alley",
                    "beaumont-fletcher-love-s-pilgrimage",
                    "beaumont-fletcher-the-scornful-lady",
                    "beaumont-fletcher-the-woman-hater",
                    "brome-the-court-beggar",
                    "cary-mariam-the-fair-queen-of-jewry",
                    "cavendish-the-variety",
                    "chapman-bussy-d-ambois",
                    "chapman-caesar-and-pompey-the-wars-of-caesar-and-pompey",
                    "chapman-the-revenge-of-bussy-d-ambois",
                    "chapman-the-tragedy-of-charles-duke-of-byron",
                    "chapman-the-widow-s-tears",
                    "chapman-two-wise-men-and-all-the-rest-fools",
                    "cumber-the-two-merry-milkmaids",
                    "daniel-cleopatra",
                    "day-the-parliament-of-bees",
                    "day-wilkins-rowley-the-travels-of-the-three-english-brothers",
                    "dekker-massinger-the-virgin-martyr",
                    "dekker-middleton-the-roaring-girl",
                    "dekker-the-honest-whore-2",
                    "dekker-the-wonder-of-a-kingdom",
                    "drue-the-duchess-of-suffolk",
                    "fisher-fuimus-troes",
                    "fletcher-field-four-plays",
                    "fletcher-ford-massinger-webster-the-fair-maid-of-the-inn",
                    "fletcher-massinger-the-prophetess",
                    "fletcher-valentinian",
                    "fletcher-women-pleased",
                    "ford-love-s-sacrifice",
                    "ford-the-fancies-chaste-and-noble",
                    "garter-the-most-virtuous-and-godly-susanna",
                    "glapthorne-albertus-wallenstein",
                    "glapthorne-the-hollander",
                    "greene-friar-bacon-and-friar-bongay",
                    "heywood-if-you-know-not-me-you-know-nobody-2",
                    "heywood-the-rape-of-lucrece",
                    "hughes-the-misfortunes-of-arthur",
                    "jonson-catiline-his-conspiracy",
                    "jonson-poetaster",
                    "jonson-sejanus-his-fall",
                    "jonson-the-new-inn",
                    "markham-sampson-herod-and-antipater",
                    "marlowe-dr-faustus",
                    "marlowe-the-massacre-at-paris",
                    "marston-the-wonder-of-women",
                    "mason-the-turk",
                    "massinger-the-guardian",
                    "massinger-the-roman-actor",
                    "may-cleopatra-queen-of-egypt",
                    "may-julia-agrippina-empress-of-rome",
                    "middleton-rowley-the-world-tossed-at-tennis",
                    "middleton-women-beware-women",
                    "nabbes-hannibal-and-scipio",
                    "peele-edward-the-first",
                    "peele-the-battle-of-alcazar",
                    "porter-the-two-angry-women-of-abingdon",
                    "richards-messalina-the-roman-empress",
                    "rowley-a-shoemaker-a-gentleman",
                    "rowley-when-you-see-me-you-know-me",
                    "sampson-the-vow-breaker",
                    "shirley-the-ball",
                    "shirley-the-traitor",
                    "shirley-the-witty-fair-one",
                    "shirley-the-young-admiral",
                    "stephens-cynthia-s-revenge",
                    "tomkis-albumazar",
                    "udall-ralph-roister-doister",
                    "webster-rowley-the-thracian-wonder",
                    "webster-the-devil-s-law-case",
                    "webster-the-duchess-of-malfi",
                    "webster-the-white-devil",
                    "wilmot-hatton-noel-al-stafford-tancred-and-gismund",
                    "wilson-the-three-ladies-of-london",
                    "wilson-the-three-lords-and-three-ladies-of-london",
                    "woodes-the-conflict-of-conscience"
                ],
                "original_label": "Rome/Roma",
                "count": 81
            }
        },
        {
            "type": "Feature",
            "geometry": {
                "type": "Point",
                "coordinates": [
                    -3.791913185790857,
                    56.27229602431084
                ]
            },
            "properties": {
                "name": "Scotland",
                "type": "city",
                "titles": [
                    "s-locrine"
                ],
                "original_label": "Albany",
                "count": 1
            }
        },
        {
            "type": "Feature",
            "geometry": {
                "type": "Point",
                "coordinates": [
                    -0.4675041,
                    52.1363806
                ]
            },
            "properties": {
                "name": "Bedford, England, MK40 1SU, United Kingdom",
                "type": "city",
                "titles": [
                    "s-thomas-lord-cromwell",
                    "s-the-honest-lawyer"
                ],
                "original_label": "Bedford",
                "count": 2
            }
        },
        {
            "type": "Feature",
            "geometry": {
                "type": "Point",
                "coordinates": [
                    -0.1980514604975964,
                    51.41746454425896
                ]
            },
            "properties": {
                "name": "Pelham",
                "type": "city",
                "titles": [
                    "sampson-the-vow-breaker"
                ],
                "original_label": "Pelham",
                "count": 1
            }
        },
        {
            "type": "Feature",
            "geometry": {
                "type": "Point",
                "coordinates": [
                    -1.1502372,
                    52.8921132
                ]
            },
            "properties": {
                "name": "Ruddington, Rushcliffe, Nottinghamshire, East Midlands, England, United Kingdom",
                "type": "city",
                "titles": [
                    "sampson-the-vow-breaker"
                ],
                "original_label": "Ruddington",
                "count": 1
            }
        },
        {
            "type": "Feature",
            "geometry": {
                "type": "Point",
                "coordinates": [
                    -3.1709492,
                    55.9725499
                ]
            },
            "properties": {
                "name": "Leith, City of Edinburgh, Alba / Scotland, United Kingdom",
                "type": "city",
                "titles": [
                    "sampson-the-vow-breaker"
                ],
                "original_label": "Leith",
                "count": 1
            }
        },
        {
            "type": "Feature",
            "geometry": {
                "type": "Point",
                "coordinates": [
                    -2.6202846,
                    51.4615884
                ]
            },
            "properties": {
                "name": "Clifton, Bristol, City of Bristol, West of England, England, BS8 3JH, United Kingdom",
                "type": "city",
                "titles": [
                    "sampson-the-vow-breaker"
                ],
                "original_label": "Clifton",
                "count": 1
            }
        },
        {
            "type": "Feature",
            "geometry": {
                "type": "Point",
                "coordinates": [
                    1.0939658,
                    49.4404591
                ]
            },
            "properties": {
                "name": "Rouen, Seine-Maritime, Normandie, France métropolitaine, France",
                "type": "city",
                "titles": [
                    "sampson-the-vow-breaker"
                ],
                "original_label": "Roan",
                "count": 1
            }
        },
        {
            "type": "Feature",
            "geometry": {
                "type": "Point",
                "coordinates": [
                    -3.2993611,
                    54.3952383
                ]
            },
            "properties": {
                "name": "Hollinghead Crag, Eskdale, Cumberland, England, CA19 1TF, United Kingdom",
                "type": "city",
                "titles": [
                    "shirley-hyde-park"
                ],
                "original_label": "Hollinghead",
                "count": 1
            }
        },
        {
            "type": "Feature",
            "geometry": {
                "type": "Point",
                "coordinates": [
                    0.4065503,
                    52.2443103
                ]
            },
            "properties": {
                "name": "Newmarket, Suffolk, England, United Kingdom",
                "type": "city",
                "titles": [
                    "shirley-hyde-park"
                ],
                "original_label": "Newmarket",
                "count": 1
            }
        },
        {
            "type": "Feature",
            "geometry": {
                "type": "Point",
                "coordinates": [
                    35.1964023,
                    33.2721211
                ]
            },
            "properties": {
                "name": "Tyre",
                "type": "city",
                "titles": [
                    "shirley-the-arcadia"
                ],
                "original_label": "Tyre",
                "count": 1
            }
        },
        {
            "type": "Feature",
            "geometry": {
                "type": "Point",
                "coordinates": [
                    1.7314845,
                    52.6071742
                ]
            },
            "properties": {
                "name": "Great Yarmouth, Norfolk, England, United Kingdom",
                "type": "city",
                "titles": [
                    "w-the-valiant-scot",
                    "shirley-the-ball"
                ],
                "original_label": "Yarmouth",
                "count": 2
            }
        },
        {
            "type": "Feature",
            "geometry": {
                "type": "Point",
                "coordinates": [
                    -1.1305431,
                    37.9923795
                ]
            },
            "properties": {
                "name": "Murcia, Área Metropolitana de Murcia, Región de Murcia, España",
                "type": "city",
                "titles": [
                    "shirley-the-doubtful-heir"
                ],
                "original_label": "Murcia",
                "count": 1
            }
        },
        {
            "type": "Feature",
            "geometry": {
                "type": "Point",
                "coordinates": [
                    -2.3596963,
                    51.3813864
                ]
            },
            "properties": {
                "name": "Bath, Bath and North East Somerset, West of England, England, United Kingdom",
                "type": "city",
                "titles": [
                    "shirley-the-humorous-courtier"
                ],
                "original_label": "Bath",
                "count": 1
            }
        },
        {
            "type": "Feature",
            "geometry": {
                "type": "Point",
                "coordinates": [
                    9.666531257696896,
                    44.8476352
                ]
            },
            "properties": {
                "name": "Piacenza, Emilia-Romagna, Italia",
                "type": "city",
                "titles": [
                    "shirley-the-impostor"
                ],
                "original_label": "Placentia",
                "count": 1
            }
        },
        {
            "type": "Feature",
            "geometry": {
                "type": "Point",
                "coordinates": [
                    1.8538446,
                    50.9524769
                ]
            },
            "properties": {
                "name": "Calais, Pas-de-Calais, Hauts-de-France, France métropolitaine, 62100, France",
                "type": "city",
                "titles": [
                    "tomkis-albumazar"
                ],
                "original_label": "Calais",
                "count": 1
            }
        },
        {
            "type": "Feature",
            "geometry": {
                "type": "Point",
                "coordinates": [
                    -0.0788045,
                    53.5671407
                ]
            },
            "properties": {
                "name": "Grimsby, North East Lincolnshire, England, DN31 1QG, United Kingdom",
                "type": "city",
                "titles": [
                    "w-the-valiant-scot"
                ],
                "original_label": "Grimsby",
                "count": 1
            }
        },
        {
            "type": "Feature",
            "geometry": {
                "type": "Point",
                "coordinates": [
                    13.218727943815642,
                    43.4801189
                ]
            },
            "properties": {
                "name": "Ancona, Marche, Italia",
                "type": "city",
                "titles": [
                    "webster-the-duchess-of-malfi"
                ],
                "original_label": "Ancona",
                "count": 1
            }
        },
        {
            "type": "Feature",
            "geometry": {
                "type": "Point",
                "coordinates": [
                    4.480960733021506,
                    52.15647882461832
                ]
            },
            "properties": {
                "name": "Leiden",
                "type": "city",
                "titles": [
                    "zouche-the-sophister"
                ],
                "original_label": "Leyden",
                "count": 1
            }
        },
        {
            "type": "Feature",
            "geometry": {
                "type": "Point",
                "coordinates": [
                    23.7348324,
                    37.9755648
                ]
            },
            "properties": {
                "name": "Athens",
                "type": "city",
                "titles": [
                    "anon-the-taming-of-a-shrew",
                    "chapman-the-revenge-of-bussy-d-ambois",
                    "ford-the-lover-s-melancholy",
                    "may-antigone-the-theban-princess",
                    "lyly-sappho-and-phao",
                    "alexander-the-alexandraean-tragedy",
                    "jonson-the-alchemist",
                    "randolph-the-jealous-lovers",
                    "shirley-the-gamester",
                    "goffe-orestes",
                    "randolph-aristippus-or-the-jovial-philosopher",
                    "pikering-horestes",
                    "marlowe-nashe-dido-queen-of-carthage",
                    "s-locrine",
                    "nabbes-the-bride",
                    "shirley-love-s-cruelty",
                    "may-cleopatra-queen-of-egypt",
                    "fletcher-field-four-plays",
                    "heywood-the-golden-age",
                    "tomkis-lingua",
                    "lyly-campaspe"
                ],
                "original_label": "Athens",
                "count": 21
            }
        },
        {
            "type": "Feature",
            "geometry": {
                "type": "Point",
                "coordinates": [
                    -1.2032429,
                    52.8671515
                ]
            },
            "properties": {
                "name": "Gotham",
                "type": "city",
                "titles": [
                    "anon-a-knack-to-know-a-knave"
                ],
                "original_label": "Goteham",
                "count": 1
            }
        },
        {
            "type": "Feature",
            "geometry": {
                "type": "Point",
                "coordinates": [
                    5.6909768,
                    50.8512438
                ]
            },
            "properties": {
                "name": "Maastricht",
                "type": "city",
                "titles": [
                    "anon-a-larum-for-london"
                ],
                "original_label": "Nastricht",
                "count": 1
            }
        },
        {
            "type": "Feature",
            "geometry": {
                "type": "Point",
                "coordinates": [
                    10.5236066,
                    52.2646577
                ]
            },
            "properties": {
                "name": "Brunswick",
                "type": "city",
                "titles": [
                    "anon-alphonsus-emperor-of-germany"
                ],
                "original_label": "Brunschweige",
                "count": 1
            }
        },
        {
            "type": "Feature",
            "geometry": {
                "type": "Point",
                "coordinates": [
                    -0.0789867,
                    51.5095971
                ]
            },
            "properties": {
                "name": "Mark Lane (London)",
                "type": "city",
                "titles": [
                    "anon-the-london-prodigal"
                ],
                "original_label": "Marklane",
                "count": 1
            }
        },
        {
            "type": "Feature",
            "geometry": {
                "type": "Point",
                "coordinates": [
                    -0.1048397,
                    51.5201871
                ]
            },
            "properties": {
                "name": "Farringdon",
                "type": "city",
                "titles": [
                    "anon-the-pedlar-s-prophecy"
                ],
                "original_label": "Fangringosse",
                "count": 1
            }
        },
        {
            "type": "Feature",
            "geometry": {
                "type": "Point",
                "coordinates": [
                    -1.0906023,
                    50.800031
                ]
            },
            "properties": {
                "name": "Portsmouth",
                "type": "city",
                "titles": [
                    "anon-the-pedlar-s-prophecy"
                ],
                "original_label": "Porchmouth",
                "count": 1
            }
        },
        {
            "type": "Feature",
            "geometry": {
                "type": "Point",
                "coordinates": [
                    12.505587354498406,
                    41.88584935
                ]
            },
            "properties": {
                "name": "Lateran (Rome)",
                "type": "city",
                "titles": [
                    "barnes-the-devil-s-charter"
                ],
                "original_label": "Laterans",
                "count": 1
            }
        },
        {
            "type": "Feature",
            "geometry": {
                "type": "Point",
                "coordinates": [
                    -0.1092992340436678,
                    51.51391900368993
                ]
            },
            "properties": {
                "name": "Ram Alley, Whitefriars",
                "type": "city",
                "titles": [
                    "barry-ram-alley",
                    "massinger-a-new-way-to-pay-old-debts"
                ],
                "original_label": "Ramme-alley",
                "count": 2
            }
        },
        {
            "type": "Feature",
            "geometry": {
                "type": "Point",
                "coordinates": [
                    -5.6640182,
                    40.9651572
                ]
            },
            "properties": {
                "name": "Salamanca",
                "type": "city",
                "titles": [
                    "beaumont-fletcher-love-s-pilgrimage"
                ],
                "original_label": "Salimanca",
                "count": 1
            }
        },
        {
            "type": "Feature",
            "geometry": {
                "type": "Point",
                "coordinates": [
                    -0.0935884980603617,
                    51.514990284864076
                ]
            },
            "properties": {
                "name": "Milk Street (London)",
                "type": "city",
                "titles": [
                    "beaumont-the-knight-of-the-burning-pestle"
                ],
                "original_label": "Milke-street",
                "count": 1
            }
        },
        {
            "type": "Feature",
            "geometry": {
                "type": "Point",
                "coordinates": [
                    21.630566024011667,
                    37.638250299999996
                ]
            },
            "properties": {
                "name": "Olympia",
                "type": "city",
                "titles": [
                    "beaumont-the-masque-of-the-inner-temple-and-gray-s-inn"
                ],
                "original_label": "Olympia",
                "count": 1
            }
        },
        {
            "type": "Feature",
            "geometry": {
                "type": "Point",
                "coordinates": [
                    0.08817757833226611,
                    51.348972700000004
                ]
            },
            "properties": {
                "name": "Dung Hill Ford",
                "type": "city",
                "titles": [
                    "brome-a-jovial-crew"
                ],
                "original_label": "Dunghilford",
                "count": 1
            }
        },
        {
            "type": "Feature",
            "geometry": {
                "type": "Point",
                "coordinates": [
                    -1.5407831360880375,
                    53.7973807626464
                ]
            },
            "properties": {
                "name": "Fish Street (London)",
                "type": "city",
                "titles": [
                    "brome-the-city-wit"
                ],
                "original_label": "Fishstreet",
                "count": 1
            }
        },
        {
            "type": "Feature",
            "geometry": {
                "type": "Point",
                "coordinates": [
                    -0.091944,
                    51.5125
                ]
            },
            "properties": {
                "name": "Saint Antholins` Church, Budge Row",
                "type": "city",
                "titles": [
                    "gascoigne-the-glass-of-government",
                    "brome-the-damoiselle-or-the-new-ordinary"
                ],
                "original_label": "Saint Antholins, Budge Row",
                "count": 2
            }
        },
        {
            "type": "Feature",
            "geometry": {
                "type": "Point",
                "coordinates": [
                    -0.0672892,
                    51.5976955
                ]
            },
            "properties": {
                "name": "Tottenham",
                "type": "city",
                "titles": [
                    "tomkis-albumazar",
                    "brome-the-new-academy"
                ],
                "original_label": "Totnam",
                "count": 2
            }
        },
        {
            "type": "Feature",
            "geometry": {
                "type": "Point",
                "coordinates": [
                    10.407855,
                    53.248706
                ]
            },
            "properties": {
                "name": "Lüneburg",
                "type": "city",
                "titles": [
                    "chettle-hoffman"
                ],
                "original_label": "Luningberg",
                "count": 1
            }
        },
        {
            "type": "Feature",
            "geometry": {
                "type": "Point",
                "coordinates": [
                    9.137825082826026,
                    45.036854649999995
                ]
            },
            "properties": {
                "name": "Pavia",
                "type": "city",
                "titles": [
                    "davenant-albovine-king-of-the-lombards",
                    "dekker-chettle-haughton-patient-grissel"
                ],
                "original_label": "Pauia",
                "count": 2
            }
        },
        {
            "type": "Feature",
            "geometry": {
                "type": "Point",
                "coordinates": [
                    11.467561040475552,
                    43.167205949999996
                ]
            },
            "properties": {
                "name": "Siena",
                "type": "city",
                "titles": [
                    "freeman-imperiale",
                    "massinger-the-maid-of-honour",
                    "ford-the-fancies-chaste-and-noble",
                    "davenant-albovine-king-of-the-lombards",
                    "davenant-the-cruel-brother"
                ],
                "original_label": "Siena",
                "count": 5
            }
        },
        {
            "type": "Feature",
            "geometry": {
                "type": "Point",
                "coordinates": [
                    10.679791173704576,
                    43.4714722
                ]
            },
            "properties": {
                "name": "Pisa",
                "type": "city",
                "titles": [
                    "day-law-tricks",
                    "davenant-the-just-italian",
                    "dekker-the-wonder-of-a-kingdom"
                ],
                "original_label": "Pisa",
                "count": 3
            }
        },
        {
            "type": "Feature",
            "geometry": {
                "type": "Point",
                "coordinates": [
                    -0.08941470137417004,
                    51.51469512572826
                ]
            },
            "properties": {
                "name": "Lothbury (London)",
                "type": "city",
                "titles": [
                    "davenport-a-new-trick-to-cheat-the-devil"
                ],
                "original_label": "Loth-bury",
                "count": 1
            }
        },
        {
            "type": "Feature",
            "geometry": {
                "type": "Point",
                "coordinates": [
                    -4.4860088,
                    48.3905283
                ]
            },
            "properties": {
                "name": "Brest",
                "type": "city",
                "titles": [
                    "dekker-blurt-master-constable",
                    "middleton-the-family-of-love",
                    "middleton-women-beware-women"
                ],
                "original_label": "Brest",
                "count": 3
            }
        },
        {
            "type": "Feature",
            "geometry": {
                "type": "Point",
                "coordinates": [
                    -0.1138437,
                    51.520415
                ]
            },
            "properties": {
                "name": "Gray`s Inn",
                "type": "city",
                "titles": [
                    "dekker-middleton-the-roaring-girl"
                ],
                "original_label": "Graies-Inne",
                "count": 1
            }
        },
        {
            "type": "Feature",
            "geometry": {
                "type": "Point",
                "coordinates": [
                    1.0789054325651635,
                    51.27700459457577
                ]
            },
            "properties": {
                "name": "Watling Street",
                "type": "city",
                "titles": [
                    "dekker-the-shoemaker-s-holiday"
                ],
                "original_label": "Watlingstréete",
                "count": 1
            }
        },
        {
            "type": "Feature",
            "geometry": {
                "type": "Point",
                "coordinates": [
                    -0.058807899999999996,
                    51.5410272
                ]
            },
            "properties": {
                "name": "Tower Street",
                "type": "city",
                "titles": [
                    "dekker-the-shoemaker-s-holiday"
                ],
                "original_label": "Towerstréet",
                "count": 1
            }
        },
        {
            "type": "Feature",
            "geometry": {
                "type": "Point",
                "coordinates": [
                    -0.08376275546112028,
                    51.51063729059144
                ]
            },
            "properties": {
                "name": "Eastcheap",
                "type": "city",
                "titles": [
                    "heywood-the-four-prentices-of-london",
                    "dekker-the-shoemaker-s-holiday"
                ],
                "original_label": "Eastcheape",
                "count": 2
            }
        },
        {
            "type": "Feature",
            "geometry": {
                "type": "Point",
                "coordinates": [
                    -2.9892356,
                    53.4085494
                ]
            },
            "properties": {
                "name": "Moorfields",
                "type": "city",
                "titles": [
                    "dekker-webster-northward-ho"
                ],
                "original_label": "Morefeilds",
                "count": 1
            }
        },
        {
            "type": "Feature",
            "geometry": {
                "type": "Point",
                "coordinates": [
                    10.8979522,
                    48.3690341
                ]
            },
            "properties": {
                "name": "Augsburg",
                "type": "city",
                "titles": [
                    "dekker-webster-northward-ho"
                ],
                "original_label": "Ausburgh",
                "count": 1
            }
        },
        {
            "type": "Feature",
            "geometry": {
                "type": "Point",
                "coordinates": [
                    -0.1529642,
                    51.518391
                ]
            },
            "properties": {
                "name": "Tyburn",
                "type": "city",
                "titles": [
                    "dekker-webster-northward-ho",
                    "middleton-the-puritan"
                ],
                "original_label": "Tyburne",
                "count": 2
            }
        },
        {
            "type": "Feature",
            "geometry": {
                "type": "Point",
                "coordinates": [
                    -0.0798926,
                    51.5266694
                ]
            },
            "properties": {
                "name": "Shoreditch",
                "type": "city",
                "titles": [
                    "haughton-englishmen-for-my-money",
                    "dekker-webster-westward-ho"
                ],
                "original_label": "Shoredich",
                "count": 2
            }
        },
        {
            "type": "Feature",
            "geometry": {
                "type": "Point",
                "coordinates": [
                    22.42486178272022,
                    37.08114525
                ]
            },
            "properties": {
                "name": "Sparta",
                "type": "city",
                "titles": [
                    "heywood-the-iron-age-1",
                    "tomkis-albumazar",
                    "field-fletcher-massinger-the-queen-of-corinth",
                    "heywood-the-iron-age-2",
                    "stephens-cynthia-s-revenge",
                    "day-the-isle-of-gulls"
                ],
                "original_label": "Sparta/Lacedemon",
                "count": 6
            }
        },
        {
            "type": "Feature",
            "geometry": {
                "type": "Point",
                "coordinates": [
                    -0.0321477,
                    52.1791855
                ]
            },
            "properties": {
                "name": "Kingston",
                "type": "city",
                "titles": [
                    "fletcher-the-woman-s-prize",
                    "middleton-your-five-gallants",
                    "rowley-a-match-at-midnight"
                ],
                "original_label": "Kingston",
                "count": 3
            }
        },
        {
            "type": "Feature",
            "geometry": {
                "type": "Point",
                "coordinates": [
                    -1.5815742,
                    52.2814519
                ]
            },
            "properties": {
                "name": "Warwick",
                "type": "city",
                "titles": [
                    "ford-perkin-warbeck"
                ],
                "original_label": "Warwicke",
                "count": 1
            }
        },
        {
            "type": "Feature",
            "geometry": {
                "type": "Point",
                "coordinates": [
                    32.889902651331866,
                    34.9174159
                ]
            },
            "properties": {
                "name": "Cyprus",
                "type": "city",
                "titles": [
                    "glapthorne-albertus-wallenstein"
                ],
                "original_label": "Cyprisse",
                "count": 1
            }
        },
        {
            "type": "Feature",
            "geometry": {
                "type": "Point",
                "coordinates": [
                    18.61298210330077,
                    54.3706858
                ]
            },
            "properties": {
                "name": "Danzig (Gdańsk)",
                "type": "city",
                "titles": [
                    "greene-friar-bacon-and-friar-bongay"
                ],
                "original_label": "Dansick",
                "count": 1
            }
        },
        {
            "type": "Feature",
            "geometry": {
                "type": "Point",
                "coordinates": [
                    1.3415864,
                    52.2220579
                ]
            },
            "properties": {
                "name": "Framlingham",
                "type": "city",
                "titles": [
                    "greene-friar-bacon-and-friar-bongay"
                ],
                "original_label": "Fremingham",
                "count": 1
            }
        },
        {
            "type": "Feature",
            "geometry": {
                "type": "Point",
                "coordinates": [
                    -1.2580877770886076,
                    51.75019425
                ]
            },
            "properties": {
                "name": "Broadgates (Oxford)",
                "type": "city",
                "titles": [
                    "greene-friar-bacon-and-friar-bongay"
                ],
                "original_label": "Brodgates",
                "count": 1
            }
        },
        {
            "type": "Feature",
            "geometry": {
                "type": "Point",
                "coordinates": [
                    1.3177377,
                    52.3468235
                ]
            },
            "properties": {
                "name": "Fressingfield",
                "type": "city",
                "titles": [
                    "greene-friar-bacon-and-friar-bongay"
                ],
                "original_label": "Fresingfield",
                "count": 1
            }
        },
        {
            "type": "Feature",
            "geometry": {
                "type": "Point",
                "coordinates": [
                    1.395944,
                    52.2303545
                ]
            },
            "properties": {
                "name": "Cransford",
                "type": "city",
                "titles": [
                    "greene-friar-bacon-and-friar-bongay"
                ],
                "original_label": "Crackfield",
                "count": 1
            }
        },
        {
            "type": "Feature",
            "geometry": {
                "type": "Point",
                "coordinates": [
                    -0.3691409,
                    51.4150272
                ]
            },
            "properties": {
                "name": "Hampton",
                "type": "city",
                "titles": [
                    "greene-friar-bacon-and-friar-bongay"
                ],
                "original_label": "Hampton",
                "count": 1
            }
        },
        {
            "type": "Feature",
            "geometry": {
                "type": "Point",
                "coordinates": [
                    13.1777923,
                    32.896672
                ]
            },
            "properties": {
                "name": "Trypolis",
                "type": "city",
                "titles": [
                    "greene-orlando-furioso"
                ],
                "original_label": "Trypoly",
                "count": 1
            }
        },
        {
            "type": "Feature",
            "geometry": {
                "type": "Point",
                "coordinates": [
                    -0.07942817704378509,
                    51.5123430198665
                ]
            },
            "properties": {
                "name": "Fenchurch Street (London)",
                "type": "city",
                "titles": [
                    "haughton-englishmen-for-my-money"
                ],
                "original_label": "Fanchurch-streete",
                "count": 1
            }
        },
        {
            "type": "Feature",
            "geometry": {
                "type": "Point",
                "coordinates": [
                    2.3772525,
                    51.0347708
                ]
            },
            "properties": {
                "name": "Dunkirk",
                "type": "city",
                "titles": [
                    "heywood-if-you-know-not-me-you-know-nobody-2"
                ],
                "original_label": "Dunkerke",
                "count": 1
            }
        },
        {
            "type": "Feature",
            "geometry": {
                "type": "Point",
                "coordinates": [
                    -0.08850834640222574,
                    51.51296736499862
                ]
            },
            "properties": {
                "name": "Lombard Street",
                "type": "city",
                "titles": [
                    "heywood-if-you-know-not-me-you-know-nobody-2"
                ],
                "original_label": "Lumberstreet",
                "count": 1
            }
        },
        {
            "type": "Feature",
            "geometry": {
                "type": "Point",
                "coordinates": [
                    -0.0903632,
                    51.5113812
                ]
            },
            "properties": {
                "name": "Cannon Street",
                "type": "city",
                "titles": [
                    "heywood-the-four-prentices-of-london"
                ],
                "original_label": "Canwicke-streete",
                "count": 1
            }
        },
        {
            "type": "Feature",
            "geometry": {
                "type": "Point",
                "coordinates": [
                    14.404010543578508,
                    50.091995821209316
                ]
            },
            "properties": {
                "name": "Golden Lane",
                "type": "city",
                "titles": [
                    "heywood-the-wise-woman-of-hogsdon"
                ],
                "original_label": "Goulden-lane",
                "count": 1
            }
        },
        {
            "type": "Feature",
            "geometry": {
                "type": "Point",
                "coordinates": [
                    0.543834,
                    50.9117333
                ]
            },
            "properties": {
                "name": "Kent Street",
                "type": "city",
                "titles": [
                    "heywood-the-wise-woman-of-hogsdon"
                ],
                "original_label": "Kentstreet",
                "count": 1
            }
        },
        {
            "type": "Feature",
            "geometry": {
                "type": "Point",
                "coordinates": [
                    -0.036161551799943445,
                    51.50239627326636
                ]
            },
            "properties": {
                "name": "Cow Lane",
                "type": "city",
                "titles": [
                    "jonson-bartholomew-fair"
                ],
                "original_label": "Cowslane",
                "count": 1
            }
        },
        {
            "type": "Feature",
            "geometry": {
                "type": "Point",
                "coordinates": [
                    -0.0215164,
                    51.4758453
                ]
            },
            "properties": {
                "name": "Deptford",
                "type": "city",
                "titles": [
                    "jonson-every-man-in-his-humour"
                ],
                "original_label": "Detford",
                "count": 1
            }
        },
        {
            "type": "Feature",
            "geometry": {
                "type": "Point",
                "coordinates": [
                    -0.11212700209883664,
                    51.51558515
                ]
            },
            "properties": {
                "name": "Lincoln`s Inn",
                "type": "city",
                "titles": [
                    "jonson-the-devil-is-an-ass"
                ],
                "original_label": "Lincolnes-Inne",
                "count": 1
            }
        },
        {
            "type": "Feature",
            "geometry": {
                "type": "Point",
                "coordinates": [
                    6.8985177,
                    48.7584377
                ]
            },
            "properties": {
                "name": "Rhodes",
                "type": "city",
                "titles": [
                    "knevet-rhodon-and-iris"
                ],
                "original_label": "Rhodons",
                "count": 1
            }
        },
        {
            "type": "Feature",
            "geometry": {
                "type": "Point",
                "coordinates": [
                    -1.6522353378580308,
                    42.81568595
                ]
            },
            "properties": {
                "name": "Pamplona",
                "type": "city",
                "titles": [
                    "marlowe-the-massacre-at-paris"
                ],
                "original_label": "Pampelonia",
                "count": 1
            }
        },
        {
            "type": "Feature",
            "geometry": {
                "type": "Point",
                "coordinates": [
                    10.058028125630717,
                    37.05577435
                ]
            },
            "properties": {
                "name": "Utica",
                "type": "city",
                "titles": [
                    "marston-the-wonder-of-women",
                    "nabbes-hannibal-and-scipio"
                ],
                "original_label": "Vtica",
                "count": 2
            }
        },
        {
            "type": "Feature",
            "geometry": {
                "type": "Point",
                "coordinates": [
                    -0.1289635,
                    51.5210963
                ]
            },
            "properties": {
                "name": "Bloomsbury",
                "type": "city",
                "titles": [
                    "middleton-a-game-at-chess"
                ],
                "original_label": "Blomsbury",
                "count": 1
            }
        },
        {
            "type": "Feature",
            "geometry": {
                "type": "Point",
                "coordinates": [
                    -1.5015793119150218,
                    52.40506685
                ]
            },
            "properties": {
                "name": "Whitefriars",
                "type": "city",
                "titles": [
                    "middleton-a-game-at-chess"
                ],
                "original_label": "White-Friers",
                "count": 1
            }
        },
        {
            "type": "Feature",
            "geometry": {
                "type": "Point",
                "coordinates": [
                    0.7497508,
                    51.4159485
                ]
            },
            "properties": {
                "name": "Queenborough",
                "type": "city",
                "titles": [
                    "middleton-the-mayor-of-quinborough"
                ],
                "original_label": "Quinborough",
                "count": 1
            }
        },
        {
            "type": "Feature",
            "geometry": {
                "type": "Point",
                "coordinates": [
                    -0.5652554,
                    51.7607271
                ]
            },
            "properties": {
                "name": "Berkhamsted",
                "type": "city",
                "titles": [
                    "munday-chettle-the-death-of-robert-earl-of-huntingdon"
                ],
                "original_label": "Barkhamsted",
                "count": 1
            }
        },
        {
            "type": "Feature",
            "geometry": {
                "type": "Point",
                "coordinates": [
                    -0.43119933976349567,
                    51.849795005026095
                ]
            },
            "properties": {
                "name": "Brickhill Lane",
                "type": "city",
                "titles": [
                    "munday-drayton-wilson-hathaway-sir-john-oldcastle-1"
                ],
                "original_label": "Brickhil-lane",
                "count": 1
            }
        },
        {
            "type": "Feature",
            "geometry": {
                "type": "Point",
                "coordinates": [
                    -0.07831653827934451,
                    51.51509309748588
                ]
            },
            "properties": {
                "name": "Houndsditch",
                "type": "city",
                "titles": [
                    "nabbes-covent-garden"
                ],
                "original_label": "Hounsditch",
                "count": 1
            }
        },
        {
            "type": "Feature",
            "geometry": {
                "type": "Point",
                "coordinates": [
                    -0.5241429,
                    51.4838331
                ]
            },
            "properties": {
                "name": "Colnbrook",
                "type": "city",
                "titles": [
                    "porter-the-two-angry-women-of-abingdon"
                ],
                "original_label": "Colbrooke",
                "count": 1
            }
        },
        {
            "type": "Feature",
            "geometry": {
                "type": "Point",
                "coordinates": [
                    -0.105764,
                    51.5407538
                ]
            },
            "properties": {
                "name": "Grub Street (London)",
                "type": "city",
                "titles": [
                    "w-the-valiant-scot"
                ],
                "original_label": "Grubstreet",
                "count": 1
            }
        },
        {
            "type": "Feature",
            "geometry": {
                "type": "Point",
                "coordinates": [
                    0.7857071,
                    49.1668691
                ]
            },
            "properties": {
                "name": "Harcourt",
                "type": "city",
                "titles": [
                    "wilkins-the-miseries-of-enforced-marriage"
                ],
                "original_label": "Harcop",
                "count": 1
            }
        }
    ]
}